<?xml version="1.0" encoding="UTF-8"?><idempiere Name="C_Bank" Version="1.0.0" idempiereVersion="3.1.0.qualifier" DataBaseVersion="2015-10-31" Description="" Author="SERGIO OROPEZA" AuthorEmail="soropeza@bucaresystems.com" CreatedDate="Sat Jan 16 22:27:41 VET 2021" UpdatedDate="Sat Jan 16 22:27:41 VET 2021" PackOutVersion="100" UpdateDictionary="true" Client="1000002-Grupo_Bio-Grupo Bio" AD_Client_UU="d1a28ea5-e23a-4aca-aa5c-a9d49f279540">
    <C_Bank type="table">
        <AD_Org_ID>0</AD_Org_ID>
        <C_Bank_ID>146</C_Bank_ID>
        <IsActive>Y</IsActive>
        <Name>BANCO PLAZA</Name>
        <RoutingNo>0138</RoutingNo>
        <C_Location_ID reference="id"/>
        <SwiftCode>PLZAVECA</SwiftCode>
        <IsOwnBank>N</IsOwnBank>
        <Description/>
        <IsCashBook>N</IsCashBook>
        <BSCA_BankMerchantName/>
        <IsMerchantBank>N</IsMerchantBank>
    </C_Bank>
    <C_Bank type="table">
        <AD_Org_ID>0</AD_Org_ID>
        <C_Bank_ID>150</C_Bank_ID>
        <IsActive>Y</IsActive>
        <Name>CITIBANK</Name>
        <RoutingNo>0190</RoutingNo>
        <C_Location_ID reference="id"/>
        <SwiftCode>CITIVECA</SwiftCode>
        <IsOwnBank>N</IsOwnBank>
        <Description/>
        <IsCashBook>N</IsCashBook>
        <BSCA_BankMerchantName/>
        <IsMerchantBank>N</IsMerchantBank>
    </C_Bank>
    <C_Bank type="table">
        <AD_Org_ID>0</AD_Org_ID>
        <C_Bank_ID>151</C_Bank_ID>
        <IsActive>Y</IsActive>
        <Name>CORP BANCA</Name>
        <RoutingNo>0121</RoutingNo>
        <C_Location_ID reference="id"/>
        <SwiftCode>CONSVECA</SwiftCode>
        <IsOwnBank>N</IsOwnBank>
        <Description/>
        <IsCashBook>N</IsCashBook>
        <BSCA_BankMerchantName/>
        <IsMerchantBank>N</IsMerchantBank>
    </C_Bank>
    <C_Bank type="table">
        <AD_Org_ID>0</AD_Org_ID>
        <C_Bank_ID>155</C_Bank_ID>
        <IsActive>Y</IsActive>
        <Name>BANCO DE LA GENTE EMPRENDEDORA</Name>
        <RoutingNo>0146</RoutingNo>
        <C_Location_ID reference="id"/>
        <SwiftCode/>
        <IsOwnBank>N</IsOwnBank>
        <Description/>
        <IsCashBook>N</IsCashBook>
        <BSCA_BankMerchantName/>
        <IsMerchantBank>N</IsMerchantBank>
    </C_Bank>
    <C_Bank type="table">
        <AD_Org_ID>0</AD_Org_ID>
        <C_Bank_ID>157</C_Bank_ID>
        <IsActive>Y</IsActive>
        <Name>INSTITUTO MUNICIPAL DE CREDITO POPULAR</Name>
        <RoutingNo>0601</RoutingNo>
        <C_Location_ID reference="id"/>
        <SwiftCode/>
        <IsOwnBank>N</IsOwnBank>
        <Description/>
        <IsCashBook>N</IsCashBook>
        <BSCA_BankMerchantName/>
        <IsMerchantBank>N</IsMerchantBank>
    </C_Bank>
    <C_Bank type="table">
        <AD_Org_ID>0</AD_Org_ID>
        <C_Bank_ID>158</C_Bank_ID>
        <IsActive>Y</IsActive>
        <Name>BANCO ESPIRITO SANTO</Name>
        <RoutingNo>0176</RoutingNo>
        <C_Location_ID reference="id"/>
        <SwiftCode/>
        <IsOwnBank>N</IsOwnBank>
        <Description/>
        <IsCashBook>N</IsCashBook>
        <BSCA_BankMerchantName/>
        <IsMerchantBank>N</IsMerchantBank>
    </C_Bank>
    <C_Bank type="table">
        <AD_Org_ID>0</AD_Org_ID>
        <C_Bank_ID>159</C_Bank_ID>
        <IsActive>Y</IsActive>
        <Name>COMERCIO EXTERIOR</Name>
        <RoutingNo>03621</RoutingNo>
        <C_Location_ID reference="id"/>
        <SwiftCode/>
        <IsOwnBank>N</IsOwnBank>
        <Description/>
        <IsCashBook>N</IsCashBook>
        <BSCA_BankMerchantName/>
        <IsMerchantBank>N</IsMerchantBank>
    </C_Bank>
    <C_Bank type="table">
        <AD_Org_ID>0</AD_Org_ID>
        <C_Bank_ID>162</C_Bank_ID>
        <IsActive>Y</IsActive>
        <Name>BANCO INTERNACIONAL DE DESARROLLO</Name>
        <RoutingNo>0173</RoutingNo>
        <C_Location_ID reference="id"/>
        <SwiftCode>IDUNVECA</SwiftCode>
        <IsOwnBank>N</IsOwnBank>
        <Description/>
        <IsCashBook>N</IsCashBook>
        <BSCA_BankMerchantName/>
        <IsMerchantBank>N</IsMerchantBank>
    </C_Bank>
    <C_Bank type="table">
        <AD_Org_ID>0</AD_Org_ID>
        <C_Bank_ID>142</C_Bank_ID>
        <IsActive>Y</IsActive>
        <Name>BANCO EXTERIOR</Name>
        <RoutingNo>0115</RoutingNo>
        <C_Location_ID reference="id"/>
        <SwiftCode>BEXTVECA</SwiftCode>
        <IsOwnBank>N</IsOwnBank>
        <Description/>
        <IsCashBook>N</IsCashBook>
        <BSCA_BankMerchantName/>
        <IsMerchantBank>N</IsMerchantBank>
    </C_Bank>
    <C_Bank type="table">
        <AD_Org_ID>0</AD_Org_ID>
        <C_Bank_ID>137</C_Bank_ID>
        <IsActive>Y</IsActive>
        <Name>100% BANCO</Name>
        <RoutingNo>0156</RoutingNo>
        <C_Location_ID reference="id"/>
        <SwiftCode/>
        <IsOwnBank>Y</IsOwnBank>
        <Description/>
        <IsCashBook>N</IsCashBook>
        <BSCA_BankMerchantName>100% BANCO</BSCA_BankMerchantName>
        <IsMerchantBank>Y</IsMerchantBank>
    </C_Bank>
    <C_Bank type="table">
        <AD_Org_ID>0</AD_Org_ID>
        <C_Bank_ID>152</C_Bank_ID>
        <IsActive>Y</IsActive>
        <Name>DEL SUR</Name>
        <RoutingNo>0157</RoutingNo>
        <C_Location_ID reference="id"/>
        <SwiftCode>DSURVECP</SwiftCode>
        <IsOwnBank>Y</IsOwnBank>
        <Description/>
        <IsCashBook>N</IsCashBook>
        <BSCA_BankMerchantName>DEL SUR</BSCA_BankMerchantName>
        <IsMerchantBank>Y</IsMerchantBank>
    </C_Bank>
    <C_Bank type="table">
        <AD_Org_ID>0</AD_Org_ID>
        <C_Bank_ID>132</C_Bank_ID>
        <IsActive>Y</IsActive>
        <Name>BANCO BICENTENARIO</Name>
        <RoutingNo>0175</RoutingNo>
        <C_Location_ID reference="id"/>
        <SwiftCode>ANDSVECC</SwiftCode>
        <IsOwnBank>Y</IsOwnBank>
        <Description/>
        <IsCashBook>N</IsCashBook>
        <BSCA_BankMerchantName>BANCO BICENTENARIO</BSCA_BankMerchantName>
        <IsMerchantBank>Y</IsMerchantBank>
    </C_Bank>
    <C_Bank type="table">
        <AD_Org_ID>0</AD_Org_ID>
        <C_Bank_ID>148</C_Bank_ID>
        <IsActive>Y</IsActive>
        <Name>BANPLUS</Name>
        <RoutingNo>0174</RoutingNo>
        <C_Location_ID reference="id"/>
        <SwiftCode>BEHRVECA</SwiftCode>
        <IsOwnBank>Y</IsOwnBank>
        <Description/>
        <IsCashBook>N</IsCashBook>
        <BSCA_BankMerchantName>BANPLUS</BSCA_BankMerchantName>
        <IsMerchantBank>Y</IsMerchantBank>
    </C_Bank>
    <C_Bank type="table">
        <AD_Org_ID>0</AD_Org_ID>
        <C_Bank_ID>147</C_Bank_ID>
        <IsActive>Y</IsActive>
        <Name>BANCRECER</Name>
        <RoutingNo>0168</RoutingNo>
        <C_Location_ID reference="id"/>
        <SwiftCode/>
        <IsOwnBank>Y</IsOwnBank>
        <Description/>
        <IsCashBook>N</IsCashBook>
        <BSCA_BankMerchantName>BANCRECER</BSCA_BankMerchantName>
        <IsMerchantBank>Y</IsMerchantBank>
    </C_Bank>
    <C_Bank type="table">
        <AD_Org_ID>0</AD_Org_ID>
        <C_Bank_ID>133</C_Bank_ID>
        <IsActive>Y</IsActive>
        <Name>BANCO CARONI</Name>
        <RoutingNo>0128</RoutingNo>
        <C_Location_ID reference="id"/>
        <SwiftCode>CAROVECA</SwiftCode>
        <IsOwnBank>Y</IsOwnBank>
        <Description/>
        <IsCashBook>N</IsCashBook>
        <BSCA_BankMerchantName>BANCO CARONI</BSCA_BankMerchantName>
        <IsMerchantBank>Y</IsMerchantBank>
    </C_Bank>
    <C_Bank type="table">
        <AD_Org_ID>0</AD_Org_ID>
        <C_Bank_ID>141</C_Bank_ID>
        <IsActive>Y</IsActive>
        <Name>BANCO DEL TESORO</Name>
        <RoutingNo>0163</RoutingNo>
        <C_Location_ID reference="id"/>
        <SwiftCode>BDTEVECA</SwiftCode>
        <IsOwnBank>Y</IsOwnBank>
        <Description/>
        <IsCashBook>N</IsCashBook>
        <BSCA_BankMerchantName>BANCO DEL TESORO</BSCA_BankMerchantName>
        <IsMerchantBank>Y</IsMerchantBank>
    </C_Bank>
    <C_Bank type="table">
        <AD_Org_ID>0</AD_Org_ID>
        <C_Bank_ID>138</C_Bank_ID>
        <IsActive>Y</IsActive>
        <Name>BANCO ACTIVO</Name>
        <RoutingNo>0171</RoutingNo>
        <C_Location_ID reference="id"/>
        <SwiftCode>ACTIVECA</SwiftCode>
        <IsOwnBank>Y</IsOwnBank>
        <Description/>
        <IsCashBook>N</IsCashBook>
        <BSCA_BankMerchantName>ACTIVO</BSCA_BankMerchantName>
        <IsMerchantBank>Y</IsMerchantBank>
    </C_Bank>
    <C_Bank type="table">
        <AD_Org_ID>0</AD_Org_ID>
        <C_Bank_ID>136</C_Bank_ID>
        <IsActive>Y</IsActive>
        <Name>BANCO BANESCO</Name>
        <RoutingNo>0134</RoutingNo>
        <C_Location_ID reference="id"/>
        <SwiftCode>UNIOVECA</SwiftCode>
        <IsOwnBank>Y</IsOwnBank>
        <Description>BANCO BANESCO</Description>
        <IsCashBook>N</IsCashBook>
        <BSCA_BankMerchantName>BANESCO</BSCA_BankMerchantName>
        <IsMerchantBank>Y</IsMerchantBank>
    </C_Bank>
    <C_Bank type="table">
        <AD_Org_ID>0</AD_Org_ID>
        <C_Bank_ID>149</C_Bank_ID>
        <IsActive>Y</IsActive>
        <Name>BFC BANCO FONDO COMUN</Name>
        <RoutingNo>0151</RoutingNo>
        <C_Location_ID reference="id"/>
        <SwiftCode>REPBVECA</SwiftCode>
        <IsOwnBank>Y</IsOwnBank>
        <Description/>
        <IsCashBook>N</IsCashBook>
        <BSCA_BankMerchantName>BFC</BSCA_BankMerchantName>
        <IsMerchantBank>Y</IsMerchantBank>
    </C_Bank>
    <C_Bank type="table">
        <AD_Org_ID>0</AD_Org_ID>
        <C_Bank_ID>143</C_Bank_ID>
        <IsActive>Y</IsActive>
        <Name>BANCO MERCANTIL</Name>
        <RoutingNo>0105</RoutingNo>
        <C_Location_ID reference="id"/>
        <SwiftCode>BAMRVECA</SwiftCode>
        <IsOwnBank>Y</IsOwnBank>
        <Description/>
        <IsCashBook>N</IsCashBook>
        <BSCA_BankMerchantName>MERCANTIL</BSCA_BankMerchantName>
        <IsMerchantBank>Y</IsMerchantBank>
    </C_Bank>
    <C_Bank type="table">
        <AD_Org_ID>0</AD_Org_ID>
        <C_Bank_ID>140</C_Bank_ID>
        <IsActive>Y</IsActive>
        <Name>BANCARIBE</Name>
        <RoutingNo>0114</RoutingNo>
        <C_Location_ID reference="id"/>
        <SwiftCode>CARBVECA</SwiftCode>
        <IsOwnBank>Y</IsOwnBank>
        <Description/>
        <IsCashBook>N</IsCashBook>
        <BSCA_BankMerchantName>BANCARIBE</BSCA_BankMerchantName>
        <IsMerchantBank>Y</IsMerchantBank>
    </C_Bank>
    <C_Bank type="table">
        <AD_Org_ID>0</AD_Org_ID>
        <C_Bank_ID>154</C_Bank_ID>
        <IsActive>Y</IsActive>
        <Name>VENEZOLANO  DE CREDITO</Name>
        <RoutingNo>0104</RoutingNo>
        <C_Location_ID reference="id"/>
        <SwiftCode>VZCRVECA</SwiftCode>
        <IsOwnBank>Y</IsOwnBank>
        <Description/>
        <IsCashBook>N</IsCashBook>
        <BSCA_BankMerchantName>VENEZOLANO  DE CREDITO</BSCA_BankMerchantName>
        <IsMerchantBank>Y</IsMerchantBank>
    </C_Bank>
    <C_Bank type="table">
        <AD_Org_ID>0</AD_Org_ID>
        <C_Bank_ID>144</C_Bank_ID>
        <IsActive>Y</IsActive>
        <Name>BANCO NACIONAL DE CREDITO BNC</Name>
        <RoutingNo>0191</RoutingNo>
        <C_Location_ID reference="id"/>
        <SwiftCode>NCRTVECA</SwiftCode>
        <IsOwnBank>Y</IsOwnBank>
        <Description/>
        <IsCashBook>N</IsCashBook>
        <BSCA_BankMerchantName>BANCO NACIONAL DE CREDITO BNC</BSCA_BankMerchantName>
        <IsMerchantBank>Y</IsMerchantBank>
    </C_Bank>
    <C_Bank type="table">
        <AD_Org_ID>0</AD_Org_ID>
        <C_Bank_ID>145</C_Bank_ID>
        <IsActive>Y</IsActive>
        <Name>BANCO OCCIDENTAL DE DESCUENTO BOD</Name>
        <RoutingNo>0116</RoutingNo>
        <C_Location_ID reference="id"/>
        <SwiftCode>BODEVE2M</SwiftCode>
        <IsOwnBank>Y</IsOwnBank>
        <Description/>
        <IsCashBook>N</IsCashBook>
        <BSCA_BankMerchantName>BOD BANCO UNIVERSAL</BSCA_BankMerchantName>
        <IsMerchantBank>Y</IsMerchantBank>
    </C_Bank>
    <C_Bank type="table">
        <AD_Org_ID>0</AD_Org_ID>
        <IsActive>Y</IsActive>
        <Name>BANCO SIN IDENTIFICAR</Name>
        <RoutingNo>0000</RoutingNo>
        <C_Location_ID reference="uuid" reference-key="C_Location">eca8743e-011f-423d-b3c9-fed83e38feff</C_Location_ID>
        <SwiftCode/>
        <IsOwnBank>Y</IsOwnBank>
        <Description/>
        <C_Bank_UU>3d4552f1-893e-4b6f-a201-c3b35ff48453</C_Bank_UU>
        <IsCashBook>N</IsCashBook>
        <BSCA_BankMerchantName>BANCO SIN IDENTIFICAR</BSCA_BankMerchantName>
        <IsMerchantBank>Y</IsMerchantBank>
    </C_Bank>
    <C_Bank type="table">
        <AD_Org_ID>0</AD_Org_ID>
        <C_Bank_ID>135</C_Bank_ID>
        <IsActive>Y</IsActive>
        <Name>BANCO PROVINCIAL</Name>
        <RoutingNo>0108</RoutingNo>
        <C_Location_ID reference="id"/>
        <SwiftCode>BPROVECA</SwiftCode>
        <IsOwnBank>Y</IsOwnBank>
        <Description/>
        <IsCashBook>N</IsCashBook>
        <BSCA_BankMerchantName>BBVA PROVINCIAL</BSCA_BankMerchantName>
        <IsMerchantBank>Y</IsMerchantBank>
    </C_Bank>
    <C_Bank type="table">
        <AD_Org_ID>0</AD_Org_ID>
        <C_Bank_ID>139</C_Bank_ID>
        <IsActive>Y</IsActive>
        <Name>BANCO AGRICOLA DE VENEZUELA</Name>
        <RoutingNo>0166</RoutingNo>
        <C_Location_ID reference="id"/>
        <SwiftCode>BAVEVECA</SwiftCode>
        <IsOwnBank>Y</IsOwnBank>
        <Description/>
        <IsCashBook>N</IsCashBook>
        <BSCA_BankMerchantName>BANCO AGRICOLA DE VENEZUELA</BSCA_BankMerchantName>
        <IsMerchantBank>Y</IsMerchantBank>
    </C_Bank>
    <C_Bank type="table">
        <AD_Org_ID>0</AD_Org_ID>
        <C_Bank_ID>161</C_Bank_ID>
        <IsActive>Y</IsActive>
        <Name>BANCO INDUSTRIAL DE VENEZUELA</Name>
        <RoutingNo>0003</RoutingNo>
        <C_Location_ID reference="id"/>
        <SwiftCode>INDSVECA</SwiftCode>
        <IsOwnBank>Y</IsOwnBank>
        <Description/>
        <IsCashBook>N</IsCashBook>
        <BSCA_BankMerchantName>BANCO INDUSTRIAL DE VENEZUELA</BSCA_BankMerchantName>
        <IsMerchantBank>Y</IsMerchantBank>
    </C_Bank>
    <C_Bank type="table">
        <AD_Client_ID reference="uuid" reference-key="AD_Client">d1a28ea5-e23a-4aca-aa5c-a9d49f279540</AD_Client_ID>
        <AD_Org_ID reference="uuid" reference-key="AD_Org">4aee1773-9158-42ea-b5bd-3d97d6f53124</AD_Org_ID>
        <IsActive>Y</IsActive>
        <Name>BANCO BANFANB</Name>
        <RoutingNo>0177</RoutingNo>
        <C_Location_ID reference="uuid" reference-key="C_Location">eca8743e-011f-423d-b3c9-fed83e38feff</C_Location_ID>
        <SwiftCode/>
        <IsOwnBank>N</IsOwnBank>
        <Description/>
        <C_Bank_UU>9cfb824b-1fd0-479f-9772-a29fc7da96c8</C_Bank_UU>
        <IsCashBook>N</IsCashBook>
        <BSCA_BankMerchantName/>
        <IsMerchantBank>N</IsMerchantBank>
    </C_Bank>
    <C_Bank type="table">
        <AD_Org_ID>0</AD_Org_ID>
        <C_Bank_ID>134</C_Bank_ID>
        <IsActive>Y</IsActive>
        <Name>BANCO DE VENEZUELA</Name>
        <RoutingNo>0102</RoutingNo>
        <C_Location_ID reference="id"/>
        <SwiftCode>BSCHVECA</SwiftCode>
        <IsOwnBank>Y</IsOwnBank>
        <Description/>
        <IsCashBook>N</IsCashBook>
        <BSCA_BankMerchantName>VENEZUELA</BSCA_BankMerchantName>
        <IsMerchantBank>Y</IsMerchantBank>
    </C_Bank>
    <C_Bank type="table">
        <AD_Org_ID>0</AD_Org_ID>
        <C_Bank_ID>153</C_Bank_ID>
        <IsActive>Y</IsActive>
        <Name>BANCO SOFITASA</Name>
        <RoutingNo>0137</RoutingNo>
        <C_Location_ID reference="id"/>
        <SwiftCode>SFTAVE22</SwiftCode>
        <IsOwnBank>Y</IsOwnBank>
        <Description/>
        <IsCashBook>N</IsCashBook>
        <BSCA_BankMerchantName/>
        <IsMerchantBank>N</IsMerchantBank>
    </C_Bank>
    <C_Bank type="table">
        <AD_Org_ID>0</AD_Org_ID>
        <IsActive>Y</IsActive>
        <Name>MI BANCO</Name>
        <RoutingNo>0169</RoutingNo>
        <C_Location_ID reference="uuid" reference-key="C_Location">eca8743e-011f-423d-b3c9-fed83e38feff</C_Location_ID>
        <SwiftCode>SFTAVE22</SwiftCode>
        <IsOwnBank>Y</IsOwnBank>
        <Description/>
        <C_Bank_UU>48b3cd70-6adf-4572-899c-7f95cd8dcc88</C_Bank_UU>
        <IsCashBook>N</IsCashBook>
        <BSCA_BankMerchantName/>
        <IsMerchantBank>N</IsMerchantBank>
    </C_Bank>
    <C_Bank type="table">
        <AD_Org_ID>0</AD_Org_ID>
        <C_Bank_ID>160</C_Bank_ID>
        <IsActive>Y</IsActive>
        <Name>BANCAMIGA</Name>
        <RoutingNo>0172</RoutingNo>
        <C_Location_ID reference="id"/>
        <SwiftCode/>
        <IsOwnBank>Y</IsOwnBank>
        <Description/>
        <IsCashBook>N</IsCashBook>
        <BSCA_BankMerchantName/>
        <IsMerchantBank>N</IsMerchantBank>
    </C_Bank>
    <C_Bank type="table">
        <AD_Org_ID>0</AD_Org_ID>
        <IsActive>Y</IsActive>
        <Name>EFECTIVO VISTA</Name>
        <RoutingNo>EFECTIVO VISTA</RoutingNo>
        <C_Location_ID reference="uuid" reference-key="C_Location">eca8743e-011f-423d-b3c9-fed83e38feff</C_Location_ID>
        <SwiftCode/>
        <IsOwnBank>Y</IsOwnBank>
        <Description>EFECTIVO VISTA</Description>
        <C_Bank_UU>a8ae68b5-9d8b-4922-82a5-12ee7b3d74ce</C_Bank_UU>
        <IsCashBook>N</IsCashBook>
        <BSCA_BankMerchantName/>
        <IsMerchantBank>N</IsMerchantBank>
    </C_Bank>
</idempiere>
