<?xml version="1.0" encoding="UTF-8"?><idempiere Name="AD_Menu" Version="1.0.0" idempiereVersion="7.1.0.qualifier" DataBaseVersion="2019-11-22" Description="" Author="EVILLAMIZAR" AuthorEmail="evillamizar@bucaresystems.com" CreatedDate="Sun Dec 06 19:19:49 VET 2020" UpdatedDate="Sun Dec 06 19:19:49 VET 2020" PackOutVersion="100" UpdateDictionary="true" Client="0-SYSTEM-System" AD_Client_UU="11237b53-9592-4af1-b3c5-afd216514b5d">
    <AD_Menu type="table">
        <Parent_ID reference="uuid" reference-key="AD_Menu">342c061d-1d69-4470-8c29-13bfdb86b0b8</Parent_ID>
        <SeqNo>0</SeqNo>
        <AD_Client_ID>0</AD_Client_ID>
        <AD_Org_ID>0</AD_Org_ID>
        <Name>Create parameters import Invoice</Name>
        <Description/>
        <Action>P</Action>
        <AD_Window_ID reference="id"/>
        <AD_Workflow_ID reference="id"/>
        <AD_Task_ID reference="id"/>
        <IsActive>Y</IsActive>
        <IsSummary>N</IsSummary>
        <AD_Process_ID reference="uuid" reference-key="AD_Process">fb7e70fd-3273-4771-8ef0-fba4708b072a</AD_Process_ID>
        <IsSOTrx>N</IsSOTrx>
        <AD_Form_ID reference="id"/>
        <IsReadOnly>N</IsReadOnly>
        <EntityType>BSCA</EntityType>
        <IsCentrallyMaintained>N</IsCentrallyMaintained>
        <AD_Menu_UU>5ccf7514-415f-43d1-aae9-be9e72724885</AD_Menu_UU>
        <AD_InfoWindow_ID reference="id"/>
        <NameTrl>Crear Parametros (Importación de Ventas)</NameTrl>
        <AD_Menu_Trl type="translation">
            <Description/>
            <Name>Crear Parametros (Importación de Ventas)</Name>
            <AD_Language>es_VE</AD_Language>
            <IsActive>Y</IsActive>
            <IsTranslated>N</IsTranslated>
        </AD_Menu_Trl>
        <AD_Process type="table">
            <AD_Client_ID>0</AD_Client_ID>
            <AD_Org_ID>0</AD_Org_ID>
            <IsActive>Y</IsActive>
            <Name>Create parameters import Invoice</Name>
            <Description/>
            <Help/>
            <ProcedureName/>
            <IsReport>N</IsReport>
            <Value>Create parameters import Invoice</Value>
            <IsDirectPrint>N</IsDirectPrint>
            <AD_ReportView_ID reference="id"/>
            <Classname>com.bucaresystems.fasterysync.process.BSCA_CreateParametersImportSales</Classname>
            <AccessLevel>3</AccessLevel>
            <EntityType>BSCA</EntityType>
            <Statistic_Count>191</Statistic_Count>
            <Statistic_Seconds>5749</Statistic_Seconds>
            <AD_PrintFormat_ID reference="id"/>
            <WorkflowValue/>
            <AD_Workflow_ID reference="id"/>
            <IsBetaFunctionality>N</IsBetaFunctionality>
            <IsServerProcess>N</IsServerProcess>
            <ShowHelp>Y</ShowHelp>
            <JasperReport/>
            <AD_Form_ID reference="id"/>
            <CopyFromProcess>N</CopyFromProcess>
            <AD_Process_UU>fb7e70fd-3273-4771-8ef0-fba4708b072a</AD_Process_UU>
            <AD_CtxHelp_ID reference="id"/>
            <ExecutionType/>
            <AllowMultipleExecution/>
            <IsRunOnlyOneInstance>N</IsRunOnlyOneInstance>
            <AD_Process_Trl type="translation">
                <Description/>
                <Help/>
                <Name>Crear parametros de importación de ventas</Name>
                <AD_Language>es_VE</AD_Language>
                <IsActive>Y</IsActive>
                <IsTranslated>N</IsTranslated>
            </AD_Process_Trl>
            <AD_Reference type="table">
                <AD_Reference_ID>18</AD_Reference_ID>
                <AD_Client_ID>0</AD_Client_ID>
                <AD_Org_ID>0</AD_Org_ID>
                <AD_Reference_ID>18</AD_Reference_ID>
                <Name>Table</Name>
                <Description>Table List</Description>
                <Help/>
                <ValidationType>D</ValidationType>
                <IsActive>Y</IsActive>
                <VFormat/>
                <EntityType>D</EntityType>
                <IsOrderByValue>N</IsOrderByValue>
                <AD_Reference_UU>d79e151d-6401-4e9f-8549-15357111a1ed</AD_Reference_UU>
                <AD_Element_ID reference="id"/>
                <AD_Reference_Trl type="translation">
                    <Description>Lista de Tablas</Description>
                    <Help/>
                    <Name>Tabla</Name>
                    <AD_Language>es_VE</AD_Language>
                    <IsActive>Y</IsActive>
                    <IsTranslated>N</IsTranslated>
                </AD_Reference_Trl>
            </AD_Reference>
            <AD_Reference type="table">
                <AD_Reference_ID>170</AD_Reference_ID>
                <AD_Client_ID>0</AD_Client_ID>
                <AD_Org_ID>0</AD_Org_ID>
                <AD_Reference_ID>170</AD_Reference_ID>
                <Name>C_DocType</Name>
                <Description/>
                <Help/>
                <ValidationType>T</ValidationType>
                <IsActive>Y</IsActive>
                <VFormat/>
                <EntityType>D</EntityType>
                <IsOrderByValue>N</IsOrderByValue>
                <AD_Reference_UU>b37891dd-c61d-44ac-817b-58bce19e7721</AD_Reference_UU>
                <AD_Element_ID reference="id"/>
                <AD_Reference_Trl type="translation">
                    <Description/>
                    <Help/>
                    <Name>C_DocType</Name>
                    <AD_Language>es_VE</AD_Language>
                    <IsActive>Y</IsActive>
                    <IsTranslated>Y</IsTranslated>
                </AD_Reference_Trl>
                <AD_Ref_Table type="table">
                    <AD_Reference_ID>170</AD_Reference_ID>
                    <AD_Client_ID>0</AD_Client_ID>
                    <AD_Org_ID>0</AD_Org_ID>
                    <AD_Reference_ID reference="id">170</AD_Reference_ID>
                    <AD_Table_ID reference="id">217</AD_Table_ID>
                    <WhereClause>C_DocType.AD_Client_ID=@#AD_Client_ID@</WhereClause>
                    <OrderByClause/>
                    <IsActive>Y</IsActive>
                    <IsValueDisplayed>N</IsValueDisplayed>
                    <EntityType>D</EntityType>
                    <AD_Window_ID reference="id"/>
                    <AD_Ref_Table_UU>54181579-8cf7-4d87-9c01-f0d7caef4f2a</AD_Ref_Table_UU>
                    <AD_InfoWindow_ID reference="id"/>
                    <IsAccessAllOrgsByField>N</IsAccessAllOrgsByField>
                    <AD_Display reference="id">1509</AD_Display>
                    <AD_Key reference="id">1501</AD_Key>
                </AD_Ref_Table>
            </AD_Reference>
            <AD_Val_Rule type="table">
                <AD_Val_Rule_ID>207</AD_Val_Rule_ID>
                <AD_Client_ID>0</AD_Client_ID>
                <AD_Org_ID>0</AD_Org_ID>
                <AD_Val_Rule_ID>207</AD_Val_Rule_ID>
                <Name>C_DocType SO</Name>
                <Description>Document Tpe for sales orders</Description>
                <Type>S</Type>
                <Code>C_DocType.DocBaseType='SOO'</Code>
                <IsActive>Y</IsActive>
                <EntityType>D</EntityType>
                <AD_Val_Rule_UU>a53a7d5e-e411-420b-b17b-3d36eba2407d</AD_Val_Rule_UU>
            </AD_Val_Rule>
            <AD_Element type="table">
                <AD_Element_ID>197</AD_Element_ID>
                <AD_Client_ID>0</AD_Client_ID>
                <AD_Org_ID>0</AD_Org_ID>
                <AD_Element_ID>197</AD_Element_ID>
                <IsActive>Y</IsActive>
                <ColumnName>C_DocTypeTarget_ID</ColumnName>
                <Name>Target Document Type</Name>
                <Description>Target document type for conversing documents</Description>
                <Help>You can convert document types (e.g. from Offer to Order or Invoice).  The conversion is then reflected in the current type.  This processing is initiated by selecting the appropriate Document Action.</Help>
                <PrintName>Target Doc Type</PrintName>
                <PO_Description/>
                <PO_Help/>
                <PO_Name/>
                <PO_PrintName/>
                <EntityType>D</EntityType>
                <AD_Element_UU>69eef107-068c-4308-94a2-38fedba4c775</AD_Element_UU>
                <Placeholder/>
                <AD_Element_Trl type="translation">
                    <Description>Tipo de documento destino para convertir documentos</Description>
                    <Help>Usted puede convertir tipos de documento (Ej. Desde ofertas hasta órdenes o facturas). La conversión es entonces reflejada en el tipo actual. Este proceso es iniciado a través de seleccionar la acción apropiada del documento.</Help>
                    <Name>Tipo Documento Destino</Name>
                    <PO_Description/>
                    <PO_Help/>
                    <PO_Name/>
                    <PO_PrintName/>
                    <Placeholder/>
                    <PrintName>Tipo de Documento Destino</PrintName>
                    <AD_Language>es_VE</AD_Language>
                    <IsActive>Y</IsActive>
                    <IsTranslated>Y</IsTranslated>
                </AD_Element_Trl>
            </AD_Element>
            <AD_Process_Para type="table">
                <AD_Client_ID>0</AD_Client_ID>
                <AD_Org_ID>0</AD_Org_ID>
                <IsActive>Y</IsActive>
                <Name>Target Document Type</Name>
                <Description>Target document type for conversing documents</Description>
                <Help>You can convert document types (e.g. from Offer to Order or Invoice).  The conversion is then reflected in the current type.  This processing is initiated by selecting the appropriate Document Action.</Help>
                <AD_Process_ID reference="uuid" reference-key="AD_Process">fb7e70fd-3273-4771-8ef0-fba4708b072a</AD_Process_ID>
                <SeqNo>20</SeqNo>
                <AD_Reference_ID reference="id">18</AD_Reference_ID>
                <AD_Reference_Value_ID reference="id">170</AD_Reference_Value_ID>
                <IsRange>N</IsRange>
                <AD_Val_Rule_ID reference="id">207</AD_Val_Rule_ID>
                <FieldLength>0</FieldLength>
                <IsMandatory>Y</IsMandatory>
                <DefaultValue/>
                <VFormat/>
                <ValueMin/>
                <ValueMax/>
                <ColumnName>C_DocTypeTarget_ID</ColumnName>
                <DefaultValue2/>
                <IsCentrallyMaintained>Y</IsCentrallyMaintained>
                <EntityType>U</EntityType>
                <AD_Element_ID reference="id">197</AD_Element_ID>
                <ReadOnlyLogic/>
                <DisplayLogic/>
                <AD_Process_Para_UU>0828b1f5-5eb6-4c50-aca4-7817b22357ba</AD_Process_Para_UU>
                <IsEncrypted>N</IsEncrypted>
                <MandatoryLogic/>
                <Placeholder/>
                <Placeholder2/>
                <AD_Process_Para_Trl type="translation">
                    <Description>Tipo de documento destino para convertir documentos</Description>
                    <Help>Usted puede convertir tipos de documento (Ej. Desde ofertas hasta órdenes o facturas). La conversión es entonces reflejada en el tipo actual. Este proceso es iniciado a través de seleccionar la acción apropiada del documento.</Help>
                    <Name>Tipo Documento Destino</Name>
                    <Placeholder/>
                    <Placeholder2/>
                    <AD_Language>es_VE</AD_Language>
                    <IsActive>Y</IsActive>
                    <IsTranslated>Y</IsTranslated>
                </AD_Process_Para_Trl>
            </AD_Process_Para>
            <AD_Reference type="table">
                <AD_Reference_ID>19</AD_Reference_ID>
                <AD_Client_ID>0</AD_Client_ID>
                <AD_Org_ID>0</AD_Org_ID>
                <AD_Reference_ID>19</AD_Reference_ID>
                <Name>Table Direct</Name>
                <Description>Direct Table Access</Description>
                <Help/>
                <ValidationType>D</ValidationType>
                <IsActive>Y</IsActive>
                <VFormat/>
                <EntityType>D</EntityType>
                <IsOrderByValue>N</IsOrderByValue>
                <AD_Reference_UU>85767149-7019-4224-a8d0-41f0d9d77d47</AD_Reference_UU>
                <AD_Element_ID reference="id"/>
                <AD_Reference_Trl type="translation">
                    <Description>Acceso directo de tabla</Description>
                    <Help/>
                    <Name>Tabla Directa</Name>
                    <AD_Language>es_VE</AD_Language>
                    <IsActive>Y</IsActive>
                    <IsTranslated>N</IsTranslated>
                </AD_Reference_Trl>
            </AD_Reference>
            <AD_Val_Rule type="table">
                <AD_Val_Rule_ID>200057</AD_Val_Rule_ID>
                <AD_Client_ID>0</AD_Client_ID>
                <AD_Org_ID>0</AD_Org_ID>
                <AD_Val_Rule_ID>200057</AD_Val_Rule_ID>
                <Name>M_PriceList is SO</Name>
                <Description>Limits the Sales &amp; Purchase Order window to the correct price lsits</Description>
                <Type>S</Type>
                <Code>M_PriceList.IsSOPriceList = 'Y'  AND (SELECT COUNT(*) FROM M_PriceList_Version WHERE M_PriceList.M_PriceList_ID=M_PriceList_Version.M_PriceList_ID AND M_PriceList_Version.IsActive='Y')&gt;0</Code>
                <IsActive>Y</IsActive>
                <EntityType>D</EntityType>
                <AD_Val_Rule_UU>83715776-17dc-4e3c-87c2-3d638e43136a</AD_Val_Rule_UU>
            </AD_Val_Rule>
            <AD_Element type="table">
                <AD_Element_ID>449</AD_Element_ID>
                <AD_Client_ID>0</AD_Client_ID>
                <AD_Org_ID>0</AD_Org_ID>
                <AD_Element_ID>449</AD_Element_ID>
                <IsActive>Y</IsActive>
                <ColumnName>M_PriceList_ID</ColumnName>
                <Name>Price List</Name>
                <Description>Unique identifier of a Price List</Description>
                <Help>Price Lists are used to determine the pricing, margin and cost of items purchased or sold.</Help>
                <PrintName>Price List</PrintName>
                <PO_Description/>
                <PO_Help/>
                <PO_Name/>
                <PO_PrintName/>
                <EntityType>D</EntityType>
                <AD_Element_UU>1d0edcb4-f2c4-406b-a0b3-14e400593ed0</AD_Element_UU>
                <Placeholder/>
                <AD_Element_Trl type="translation">
                    <Description>Identificador único de mi lista de precios</Description>
                    <Help>Listas de precios son usadas para determinar el precio; margen y costo de artículos comprados o vendidos.</Help>
                    <Name>Lista de Precios</Name>
                    <PO_Description/>
                    <PO_Help/>
                    <PO_Name/>
                    <PO_PrintName/>
                    <Placeholder/>
                    <PrintName>Lista de Precios</PrintName>
                    <AD_Language>es_VE</AD_Language>
                    <IsActive>Y</IsActive>
                    <IsTranslated>Y</IsTranslated>
                </AD_Element_Trl>
            </AD_Element>
            <AD_Process_Para type="table">
                <AD_Client_ID>0</AD_Client_ID>
                <AD_Org_ID>0</AD_Org_ID>
                <IsActive>Y</IsActive>
                <Name>Price List</Name>
                <Description>Unique identifier of a Price List</Description>
                <Help>Price Lists are used to determine the pricing, margin and cost of items purchased or sold.</Help>
                <AD_Process_ID reference="uuid" reference-key="AD_Process">fb7e70fd-3273-4771-8ef0-fba4708b072a</AD_Process_ID>
                <SeqNo>50</SeqNo>
                <AD_Reference_ID reference="id">19</AD_Reference_ID>
                <AD_Reference_Value_ID reference="id"/>
                <IsRange>N</IsRange>
                <AD_Val_Rule_ID reference="id">200057</AD_Val_Rule_ID>
                <FieldLength>0</FieldLength>
                <IsMandatory>Y</IsMandatory>
                <DefaultValue/>
                <VFormat/>
                <ValueMin/>
                <ValueMax/>
                <ColumnName>M_PriceList_ID</ColumnName>
                <DefaultValue2/>
                <IsCentrallyMaintained>Y</IsCentrallyMaintained>
                <EntityType>U</EntityType>
                <AD_Element_ID reference="id">449</AD_Element_ID>
                <ReadOnlyLogic/>
                <DisplayLogic/>
                <AD_Process_Para_UU>2c124ec5-105c-4bfb-94e7-8225ff0f09b2</AD_Process_Para_UU>
                <IsEncrypted>N</IsEncrypted>
                <MandatoryLogic/>
                <Placeholder/>
                <Placeholder2/>
                <AD_Process_Para_Trl type="translation">
                    <Description>Identificador único de mi lista de precios</Description>
                    <Help>Listas de precios son usadas para determinar el precio; margen y costo de artículos comprados o vendidos.</Help>
                    <Name>Lista de Precios</Name>
                    <Placeholder/>
                    <Placeholder2/>
                    <AD_Language>es_VE</AD_Language>
                    <IsActive>Y</IsActive>
                    <IsTranslated>Y</IsTranslated>
                </AD_Process_Para_Trl>
            </AD_Process_Para>
            <AD_Reference type="table">
                <AD_Reference_ID>166</AD_Reference_ID>
                <AD_Client_ID>0</AD_Client_ID>
                <AD_Org_ID>0</AD_Org_ID>
                <AD_Reference_ID>166</AD_Reference_ID>
                <Name>M_PriceList</Name>
                <Description/>
                <Help/>
                <ValidationType>T</ValidationType>
                <IsActive>Y</IsActive>
                <VFormat/>
                <EntityType>D</EntityType>
                <IsOrderByValue>N</IsOrderByValue>
                <AD_Reference_UU>704c2688-5945-4c8f-be8e-a0a5e72db528</AD_Reference_UU>
                <AD_Element_ID reference="id"/>
                <AD_Reference_Trl type="translation">
                    <Description/>
                    <Help/>
                    <Name>M_PriceList</Name>
                    <AD_Language>es_VE</AD_Language>
                    <IsActive>Y</IsActive>
                    <IsTranslated>Y</IsTranslated>
                </AD_Reference_Trl>
                <AD_Ref_Table type="table">
                    <AD_Reference_ID>166</AD_Reference_ID>
                    <AD_Client_ID>0</AD_Client_ID>
                    <AD_Org_ID>0</AD_Org_ID>
                    <AD_Reference_ID reference="id">166</AD_Reference_ID>
                    <AD_Table_ID reference="id">255</AD_Table_ID>
                    <WhereClause/>
                    <OrderByClause/>
                    <IsActive>Y</IsActive>
                    <IsValueDisplayed>N</IsValueDisplayed>
                    <EntityType>D</EntityType>
                    <AD_Window_ID reference="id"/>
                    <AD_Ref_Table_UU>e46a8dc7-b86c-457d-9b78-8a2e78ed1fcd</AD_Ref_Table_UU>
                    <AD_InfoWindow_ID reference="id"/>
                    <IsAccessAllOrgsByField>N</IsAccessAllOrgsByField>
                    <AD_Display reference="id">2108</AD_Display>
                    <AD_Key reference="id">2100</AD_Key>
                </AD_Ref_Table>
            </AD_Reference>
            <AD_Process_Para type="table">
                <AD_Client_ID>0</AD_Client_ID>
                <AD_Org_ID>0</AD_Org_ID>
                <IsActive>Y</IsActive>
                <Name>Price List BPartner</Name>
                <Description>Unique identifier of a Price List</Description>
                <Help>Price Lists are used to determine the pricing, margin and cost of items purchased or sold.</Help>
                <AD_Process_ID reference="uuid" reference-key="AD_Process">fb7e70fd-3273-4771-8ef0-fba4708b072a</AD_Process_ID>
                <SeqNo>100</SeqNo>
                <AD_Reference_ID reference="id">18</AD_Reference_ID>
                <AD_Reference_Value_ID reference="id">166</AD_Reference_Value_ID>
                <IsRange>N</IsRange>
                <AD_Val_Rule_ID reference="id"/>
                <FieldLength>0</FieldLength>
                <IsMandatory>Y</IsMandatory>
                <DefaultValue/>
                <VFormat/>
                <ValueMin/>
                <ValueMax/>
                <ColumnName>M_PriceListBPartner_ID</ColumnName>
                <DefaultValue2/>
                <IsCentrallyMaintained>N</IsCentrallyMaintained>
                <EntityType>U</EntityType>
                <AD_Element_ID reference="id"/>
                <ReadOnlyLogic/>
                <DisplayLogic/>
                <AD_Process_Para_UU>db1de312-3e71-483c-9ad7-730a33a6dcc7</AD_Process_Para_UU>
                <IsEncrypted>N</IsEncrypted>
                <MandatoryLogic/>
                <Placeholder/>
                <Placeholder2/>
                <AD_Process_Para_Trl type="translation">
                    <Description>Unique identifier of a Price List</Description>
                    <Help>Price Lists are used to determine the pricing, margin and cost of items purchased or sold.</Help>
                    <Name>Precio Lista Tercero</Name>
                    <Placeholder/>
                    <Placeholder2/>
                    <AD_Language>es_VE</AD_Language>
                    <IsActive>Y</IsActive>
                    <IsTranslated>N</IsTranslated>
                </AD_Process_Para_Trl>
            </AD_Process_Para>
            <AD_Element type="table">
                <AD_Client_ID>0</AD_Client_ID>
                <AD_Org_ID>0</AD_Org_ID>
                <IsActive>Y</IsActive>
                <ColumnName>LCO_TaxPayerType_ID</ColumnName>
                <Name>Tax Payer Type</Name>
                <Description/>
                <Help/>
                <PrintName>Tax Payer Type</PrintName>
                <PO_Description/>
                <PO_Help/>
                <PO_Name/>
                <PO_PrintName/>
                <EntityType>QSS_LCO</EntityType>
                <AD_Element_UU>d9ae77c6-78d1-4220-a586-9e24acbcf1fb</AD_Element_UU>
                <Placeholder/>
                <AD_Element_Trl type="translation">
                    <Description/>
                    <Help/>
                    <Name>Tipo Contribuyente</Name>
                    <PO_Description/>
                    <PO_Help/>
                    <PO_Name/>
                    <PO_PrintName/>
                    <Placeholder/>
                    <PrintName>Tipo Contribuyente</PrintName>
                    <AD_Language>es_VE</AD_Language>
                    <IsActive>Y</IsActive>
                    <IsTranslated>N</IsTranslated>
                </AD_Element_Trl>
            </AD_Element>
            <AD_Process_Para type="table">
                <AD_Client_ID>0</AD_Client_ID>
                <AD_Org_ID>0</AD_Org_ID>
                <IsActive>N</IsActive>
                <Name>Tax Payer Type</Name>
                <Description/>
                <Help/>
                <AD_Process_ID reference="uuid" reference-key="AD_Process">fb7e70fd-3273-4771-8ef0-fba4708b072a</AD_Process_ID>
                <SeqNo>80</SeqNo>
                <AD_Reference_ID reference="id">19</AD_Reference_ID>
                <AD_Reference_Value_ID reference="id"/>
                <IsRange>N</IsRange>
                <AD_Val_Rule_ID reference="id"/>
                <FieldLength>0</FieldLength>
                <IsMandatory>N</IsMandatory>
                <DefaultValue/>
                <VFormat/>
                <ValueMin/>
                <ValueMax/>
                <ColumnName>LCO_TaxPayerType_ID</ColumnName>
                <DefaultValue2/>
                <IsCentrallyMaintained>Y</IsCentrallyMaintained>
                <EntityType>U</EntityType>
                <AD_Element_ID reference="uuid" reference-key="AD_Element">d9ae77c6-78d1-4220-a586-9e24acbcf1fb</AD_Element_ID>
                <ReadOnlyLogic/>
                <DisplayLogic/>
                <AD_Process_Para_UU>31e46590-89b3-4eff-a970-22490d45803a</AD_Process_Para_UU>
                <IsEncrypted>N</IsEncrypted>
                <MandatoryLogic/>
                <Placeholder/>
                <Placeholder2/>
                <AD_Process_Para_Trl type="translation">
                    <Description/>
                    <Help/>
                    <Name>Tipo Contribuyente</Name>
                    <Placeholder/>
                    <Placeholder2/>
                    <AD_Language>es_VE</AD_Language>
                    <IsActive>Y</IsActive>
                    <IsTranslated>N</IsTranslated>
                </AD_Process_Para_Trl>
            </AD_Process_Para>
            <AD_Element type="table">
                <AD_Element_ID>1383</AD_Element_ID>
                <AD_Client_ID>0</AD_Client_ID>
                <AD_Org_ID>0</AD_Org_ID>
                <AD_Element_ID>1383</AD_Element_ID>
                <IsActive>Y</IsActive>
                <ColumnName>C_BP_Group_ID</ColumnName>
                <Name>Business Partner Group</Name>
                <Description>Business Partner Group</Description>
                <Help>The Business Partner Group provides a method of defining defaults to be used for individual Business Partners.</Help>
                <PrintName>BPartner Group</PrintName>
                <PO_Description/>
                <PO_Help/>
                <PO_Name/>
                <PO_PrintName/>
                <EntityType>D</EntityType>
                <AD_Element_UU>83805416-a80a-4798-acdb-9cf67004fd89</AD_Element_UU>
                <Placeholder/>
                <AD_Element_Trl type="translation">
                    <Description>ID del Grupo de Tercero</Description>
                    <Help>La ID Grupo del Tercero proporciona un método de definir valores predeterminados a ser usados para Terceros individuales.</Help>
                    <Name>Grupo de Tercero</Name>
                    <PO_Description/>
                    <PO_Help/>
                    <PO_Name/>
                    <PO_PrintName/>
                    <Placeholder/>
                    <PrintName>Grupo de Tercero</PrintName>
                    <AD_Language>es_VE</AD_Language>
                    <IsActive>Y</IsActive>
                    <IsTranslated>Y</IsTranslated>
                </AD_Element_Trl>
            </AD_Element>
            <AD_Process_Para type="table">
                <AD_Client_ID>0</AD_Client_ID>
                <AD_Org_ID>0</AD_Org_ID>
                <IsActive>Y</IsActive>
                <Name>Business Partner Group</Name>
                <Description>Business Partner Group</Description>
                <Help>The Business Partner Group provides a method of defining defaults to be used for individual Business Partners.</Help>
                <AD_Process_ID reference="uuid" reference-key="AD_Process">fb7e70fd-3273-4771-8ef0-fba4708b072a</AD_Process_ID>
                <SeqNo>70</SeqNo>
                <AD_Reference_ID reference="id">19</AD_Reference_ID>
                <AD_Reference_Value_ID reference="id"/>
                <IsRange>N</IsRange>
                <AD_Val_Rule_ID reference="id"/>
                <FieldLength>0</FieldLength>
                <IsMandatory>Y</IsMandatory>
                <DefaultValue/>
                <VFormat/>
                <ValueMin/>
                <ValueMax/>
                <ColumnName>C_BP_Group_ID</ColumnName>
                <DefaultValue2/>
                <IsCentrallyMaintained>Y</IsCentrallyMaintained>
                <EntityType>U</EntityType>
                <AD_Element_ID reference="id">1383</AD_Element_ID>
                <ReadOnlyLogic/>
                <DisplayLogic/>
                <AD_Process_Para_UU>3b4a9cc6-5649-48d4-822d-44b2e65fd510</AD_Process_Para_UU>
                <IsEncrypted>N</IsEncrypted>
                <MandatoryLogic/>
                <Placeholder/>
                <Placeholder2/>
                <AD_Process_Para_Trl type="translation">
                    <Description>ID del Grupo de Tercero</Description>
                    <Help>La ID Grupo del Tercero proporciona un método de definir valores predeterminados a ser usados para Terceros individuales.</Help>
                    <Name>Grupo de Tercero</Name>
                    <Placeholder/>
                    <Placeholder2/>
                    <AD_Language>es_VE</AD_Language>
                    <IsActive>Y</IsActive>
                    <IsTranslated>Y</IsTranslated>
                </AD_Process_Para_Trl>
            </AD_Process_Para>
            <AD_Reference type="table">
                <AD_Reference_ID>20</AD_Reference_ID>
                <AD_Client_ID>0</AD_Client_ID>
                <AD_Org_ID>0</AD_Org_ID>
                <AD_Reference_ID>20</AD_Reference_ID>
                <Name>Yes-No</Name>
                <Description>CheckBox</Description>
                <Help/>
                <ValidationType>D</ValidationType>
                <IsActive>Y</IsActive>
                <VFormat/>
                <EntityType>D</EntityType>
                <IsOrderByValue>N</IsOrderByValue>
                <AD_Reference_UU>1dab6dbd-8d84-4ba5-87df-e2ca93d2c976</AD_Reference_UU>
                <AD_Element_ID reference="id"/>
                <AD_Reference_Trl type="translation">
                    <Description>Cuadro de Verificación</Description>
                    <Help/>
                    <Name>Si/No</Name>
                    <AD_Language>es_VE</AD_Language>
                    <IsActive>Y</IsActive>
                    <IsTranslated>N</IsTranslated>
                </AD_Reference_Trl>
            </AD_Reference>
            <AD_Process_Para type="table">
                <AD_Client_ID>0</AD_Client_ID>
                <AD_Org_ID>0</AD_Org_ID>
                <IsActive>N</IsActive>
                <Name>Create BPartner</Name>
                <Description/>
                <Help/>
                <AD_Process_ID reference="uuid" reference-key="AD_Process">fb7e70fd-3273-4771-8ef0-fba4708b072a</AD_Process_ID>
                <SeqNo>60</SeqNo>
                <AD_Reference_ID reference="id">20</AD_Reference_ID>
                <AD_Reference_Value_ID reference="id"/>
                <IsRange>N</IsRange>
                <AD_Val_Rule_ID reference="id"/>
                <FieldLength>0</FieldLength>
                <IsMandatory>N</IsMandatory>
                <DefaultValue/>
                <VFormat/>
                <ValueMin/>
                <ValueMax/>
                <ColumnName>isCreateBPartner</ColumnName>
                <DefaultValue2/>
                <IsCentrallyMaintained>N</IsCentrallyMaintained>
                <EntityType>U</EntityType>
                <AD_Element_ID reference="id"/>
                <ReadOnlyLogic/>
                <DisplayLogic/>
                <AD_Process_Para_UU>1143d4ac-d2ec-4008-bbf8-bf0673452825</AD_Process_Para_UU>
                <IsEncrypted>N</IsEncrypted>
                <MandatoryLogic/>
                <Placeholder/>
                <Placeholder2/>
                <AD_Process_Para_Trl type="translation">
                    <Description/>
                    <Help/>
                    <Name>Crear Tercero</Name>
                    <Placeholder/>
                    <Placeholder2/>
                    <AD_Language>es_VE</AD_Language>
                    <IsActive>Y</IsActive>
                    <IsTranslated>N</IsTranslated>
                </AD_Process_Para_Trl>
            </AD_Process_Para>
            <AD_Reference type="table">
                <AD_Reference_ID>30</AD_Reference_ID>
                <AD_Client_ID>0</AD_Client_ID>
                <AD_Org_ID>0</AD_Org_ID>
                <AD_Reference_ID>30</AD_Reference_ID>
                <Name>Search</Name>
                <Description>Search Field</Description>
                <Help/>
                <ValidationType>D</ValidationType>
                <IsActive>Y</IsActive>
                <VFormat/>
                <EntityType>D</EntityType>
                <IsOrderByValue>N</IsOrderByValue>
                <AD_Reference_UU>199e084e-6ad2-4bcd-8f5e-fdd08f4c0748</AD_Reference_UU>
                <AD_Element_ID reference="id"/>
                <AD_Reference_Trl type="translation">
                    <Description>Campo de Búsqueda</Description>
                    <Help/>
                    <Name>Búsqueda</Name>
                    <AD_Language>es_VE</AD_Language>
                    <IsActive>Y</IsActive>
                    <IsTranslated>N</IsTranslated>
                </AD_Reference_Trl>
            </AD_Reference>
            <AD_Element type="table">
                <AD_Element_ID>187</AD_Element_ID>
                <AD_Client_ID>0</AD_Client_ID>
                <AD_Org_ID>0</AD_Org_ID>
                <AD_Element_ID>187</AD_Element_ID>
                <IsActive>Y</IsActive>
                <ColumnName>C_BPartner_ID</ColumnName>
                <Name>Business Partner </Name>
                <Description>Identifies a Business Partner</Description>
                <Help>A Business Partner is anyone with whom you transact.  This can include Vendor, Customer, Employee or Salesperson</Help>
                <PrintName>Business Partner </PrintName>
                <PO_Description/>
                <PO_Help/>
                <PO_Name/>
                <PO_PrintName/>
                <EntityType>D</EntityType>
                <AD_Element_UU>5f73bc9f-04e0-448f-978d-f2d3e18f2ac3</AD_Element_UU>
                <Placeholder/>
                <AD_Element_Trl type="translation">
                    <Description>Identifica un Tercero</Description>
                    <Help>Un tercero es cualquiera con quien usted realiza transacciones. Este puede incluir Proveedores, Clientes, Empleados o Vendedores.</Help>
                    <Name>Tercero</Name>
                    <PO_Description/>
                    <PO_Help/>
                    <PO_Name/>
                    <PO_PrintName/>
                    <Placeholder/>
                    <PrintName>Tercero</PrintName>
                    <AD_Language>es_VE</AD_Language>
                    <IsActive>Y</IsActive>
                    <IsTranslated>N</IsTranslated>
                </AD_Element_Trl>
            </AD_Element>
            <AD_Process_Para type="table">
                <AD_Client_ID>0</AD_Client_ID>
                <AD_Org_ID>0</AD_Org_ID>
                <IsActive>N</IsActive>
                <Name>Business Partner </Name>
                <Description>Identifies a Business Partner</Description>
                <Help>A Business Partner is anyone with whom you transact.  This can include Vendor, Customer, Employee or Salesperson</Help>
                <AD_Process_ID reference="uuid" reference-key="AD_Process">fb7e70fd-3273-4771-8ef0-fba4708b072a</AD_Process_ID>
                <SeqNo>30</SeqNo>
                <AD_Reference_ID reference="id">30</AD_Reference_ID>
                <AD_Reference_Value_ID reference="id"/>
                <IsRange>N</IsRange>
                <AD_Val_Rule_ID reference="id"/>
                <FieldLength>0</FieldLength>
                <IsMandatory>N</IsMandatory>
                <DefaultValue/>
                <VFormat/>
                <ValueMin/>
                <ValueMax/>
                <ColumnName>C_BPartner_ID</ColumnName>
                <DefaultValue2/>
                <IsCentrallyMaintained>Y</IsCentrallyMaintained>
                <EntityType>U</EntityType>
                <AD_Element_ID reference="id">187</AD_Element_ID>
                <ReadOnlyLogic/>
                <DisplayLogic/>
                <AD_Process_Para_UU>2975fa18-e16f-4602-9df1-d6705001b927</AD_Process_Para_UU>
                <IsEncrypted>N</IsEncrypted>
                <MandatoryLogic/>
                <Placeholder/>
                <Placeholder2/>
                <AD_Process_Para_Trl type="translation">
                    <Description>Identifies a Business Partner</Description>
                    <Help>A Business Partner is anyone with whom you transact.  This can include Vendor, Customer, Employee or Salesperson</Help>
                    <Name>Tercero</Name>
                    <Placeholder/>
                    <Placeholder2/>
                    <AD_Language>es_VE</AD_Language>
                    <IsActive>Y</IsActive>
                    <IsTranslated>N</IsTranslated>
                </AD_Process_Para_Trl>
            </AD_Process_Para>
            <AD_Element type="table">
                <AD_Element_ID>454</AD_Element_ID>
                <AD_Client_ID>0</AD_Client_ID>
                <AD_Org_ID>0</AD_Org_ID>
                <AD_Element_ID>454</AD_Element_ID>
                <IsActive>Y</IsActive>
                <ColumnName>M_Product_ID</ColumnName>
                <Name>Product</Name>
                <Description>Product, Service, Item</Description>
                <Help>Identifies an item which is either purchased or sold in this organization.</Help>
                <PrintName>Product</PrintName>
                <PO_Description/>
                <PO_Help/>
                <PO_Name/>
                <PO_PrintName/>
                <EntityType>D</EntityType>
                <AD_Element_UU>f8660e99-7651-4829-b240-415fec23ebc0</AD_Element_UU>
                <Placeholder/>
                <AD_Element_Trl type="translation">
                    <Description>Producto; servicio o artículo.</Description>
                    <Help>Identifica un artículo que puede ser comprado o vendido es esta organización.</Help>
                    <Name>Producto</Name>
                    <PO_Description/>
                    <PO_Help/>
                    <PO_Name/>
                    <PO_PrintName/>
                    <Placeholder/>
                    <PrintName>Producto</PrintName>
                    <AD_Language>es_VE</AD_Language>
                    <IsActive>Y</IsActive>
                    <IsTranslated>Y</IsTranslated>
                </AD_Element_Trl>
            </AD_Element>
            <AD_Process_Para type="table">
                <AD_Client_ID>0</AD_Client_ID>
                <AD_Org_ID>0</AD_Org_ID>
                <IsActive>Y</IsActive>
                <Name>Product</Name>
                <Description>Product, Service, Item</Description>
                <Help>Identifies an item which is either purchased or sold in this organization.</Help>
                <AD_Process_ID reference="uuid" reference-key="AD_Process">fb7e70fd-3273-4771-8ef0-fba4708b072a</AD_Process_ID>
                <SeqNo>140</SeqNo>
                <AD_Reference_ID reference="id">30</AD_Reference_ID>
                <AD_Reference_Value_ID reference="id"/>
                <IsRange>N</IsRange>
                <AD_Val_Rule_ID reference="id"/>
                <FieldLength>0</FieldLength>
                <IsMandatory>N</IsMandatory>
                <DefaultValue/>
                <VFormat/>
                <ValueMin/>
                <ValueMax/>
                <ColumnName>M_Product_ID</ColumnName>
                <DefaultValue2/>
                <IsCentrallyMaintained>Y</IsCentrallyMaintained>
                <EntityType>U</EntityType>
                <AD_Element_ID reference="id">454</AD_Element_ID>
                <ReadOnlyLogic/>
                <DisplayLogic/>
                <AD_Process_Para_UU>fa5e6362-8d89-4090-9239-382e24eda642</AD_Process_Para_UU>
                <IsEncrypted>N</IsEncrypted>
                <MandatoryLogic/>
                <Placeholder/>
                <Placeholder2/>
                <AD_Process_Para_Trl type="translation">
                    <Description>Producto; servicio o artículo.</Description>
                    <Help>Identifica un artículo que puede ser comprado o vendido es esta organización.</Help>
                    <Name>Producto</Name>
                    <Placeholder/>
                    <Placeholder2/>
                    <AD_Language>es_VE</AD_Language>
                    <IsActive>Y</IsActive>
                    <IsTranslated>N</IsTranslated>
                </AD_Process_Para_Trl>
            </AD_Process_Para>
            <AD_Reference type="table">
                <AD_Reference_ID>200012</AD_Reference_ID>
                <AD_Client_ID>0</AD_Client_ID>
                <AD_Org_ID>0</AD_Org_ID>
                <AD_Reference_ID>200012</AD_Reference_ID>
                <Name>Payment</Name>
                <Description>Payment Rule list and Process Payment button</Description>
                <Help/>
                <ValidationType>D</ValidationType>
                <IsActive>Y</IsActive>
                <VFormat/>
                <EntityType>D</EntityType>
                <IsOrderByValue>N</IsOrderByValue>
                <AD_Reference_UU>8959c366-e7f0-4893-8d23-edb1abe2db3f</AD_Reference_UU>
                <AD_Element_ID reference="id"/>
                <AD_Reference_Trl type="translation">
                    <Description>Lista Regla de Pago y Botón Procesar Pago</Description>
                    <Help/>
                    <Name>Pago</Name>
                    <AD_Language>es_VE</AD_Language>
                    <IsActive>Y</IsActive>
                    <IsTranslated>Y</IsTranslated>
                </AD_Reference_Trl>
            </AD_Reference>
            <AD_Element type="table">
                <AD_Element_ID>1143</AD_Element_ID>
                <AD_Client_ID>0</AD_Client_ID>
                <AD_Org_ID>0</AD_Org_ID>
                <AD_Element_ID>1143</AD_Element_ID>
                <IsActive>Y</IsActive>
                <ColumnName>PaymentRule</ColumnName>
                <Name>Payment Rule</Name>
                <Description>How you pay the invoice</Description>
                <Help>The Payment Rule indicates the method of invoice payment.</Help>
                <PrintName>Payment Rule</PrintName>
                <PO_Description/>
                <PO_Help/>
                <PO_Name/>
                <PO_PrintName/>
                <EntityType>D</EntityType>
                <AD_Element_UU>8b24817e-d9b7-45c1-8556-219d31aa1240</AD_Element_UU>
                <Placeholder/>
                <AD_Element_Trl type="translation">
                    <Description>Como se pagará la factura</Description>
                    <Help>La Regla de Pagos indica el método de pago de la factura</Help>
                    <Name>Regla de Pago</Name>
                    <PO_Description/>
                    <PO_Help/>
                    <PO_Name/>
                    <PO_PrintName/>
                    <Placeholder/>
                    <PrintName>Regla de Pago</PrintName>
                    <AD_Language>es_VE</AD_Language>
                    <IsActive>Y</IsActive>
                    <IsTranslated>Y</IsTranslated>
                </AD_Element_Trl>
            </AD_Element>
            <AD_Process_Para type="table">
                <AD_Client_ID>0</AD_Client_ID>
                <AD_Org_ID>0</AD_Org_ID>
                <IsActive>Y</IsActive>
                <Name>Payment Rule</Name>
                <Description>How you pay the invoice</Description>
                <Help>The Payment Rule indicates the method of invoice payment.</Help>
                <AD_Process_ID reference="uuid" reference-key="AD_Process">fb7e70fd-3273-4771-8ef0-fba4708b072a</AD_Process_ID>
                <SeqNo>130</SeqNo>
                <AD_Reference_ID reference="id">200012</AD_Reference_ID>
                <AD_Reference_Value_ID reference="id"/>
                <IsRange>N</IsRange>
                <AD_Val_Rule_ID reference="id"/>
                <FieldLength>0</FieldLength>
                <IsMandatory>Y</IsMandatory>
                <DefaultValue>M</DefaultValue>
                <VFormat/>
                <ValueMin/>
                <ValueMax/>
                <ColumnName>PaymentRule</ColumnName>
                <DefaultValue2/>
                <IsCentrallyMaintained>Y</IsCentrallyMaintained>
                <EntityType>U</EntityType>
                <AD_Element_ID reference="id">1143</AD_Element_ID>
                <ReadOnlyLogic/>
                <DisplayLogic/>
                <AD_Process_Para_UU>ad516056-069c-4368-b556-4313a9bebbc8</AD_Process_Para_UU>
                <IsEncrypted>N</IsEncrypted>
                <MandatoryLogic/>
                <Placeholder/>
                <Placeholder2/>
                <AD_Process_Para_Trl type="translation">
                    <Description>Como se pagará la factura</Description>
                    <Help>La Regla de Pagos indica el método de pago de la factura</Help>
                    <Name>Regla de Pago</Name>
                    <Placeholder/>
                    <Placeholder2/>
                    <AD_Language>es_VE</AD_Language>
                    <IsActive>Y</IsActive>
                    <IsTranslated>Y</IsTranslated>
                </AD_Process_Para_Trl>
            </AD_Process_Para>
            <AD_Reference type="table">
                <AD_Client_ID>0</AD_Client_ID>
                <AD_Org_ID>0</AD_Org_ID>
                <Name>C_DocType ORS</Name>
                <Description/>
                <Help/>
                <ValidationType>T</ValidationType>
                <IsActive>Y</IsActive>
                <VFormat/>
                <EntityType>U</EntityType>
                <IsOrderByValue>N</IsOrderByValue>
                <AD_Reference_UU>b663e8d6-fc1e-496a-ab29-2a222cd99b5a</AD_Reference_UU>
                <AD_Element_ID reference="id"/>
                <AD_Reference_Trl type="translation">
                    <Description/>
                    <Help/>
                    <Name>C_DocType ORS</Name>
                    <AD_Language>es_VE</AD_Language>
                    <IsActive>Y</IsActive>
                    <IsTranslated>N</IsTranslated>
                </AD_Reference_Trl>
                <AD_Ref_Table type="table">
                    <AD_Client_ID>0</AD_Client_ID>
                    <AD_Org_ID>0</AD_Org_ID>
                    <AD_Reference_ID reference="uuid" reference-key="AD_Reference">b663e8d6-fc1e-496a-ab29-2a222cd99b5a</AD_Reference_ID>
                    <AD_Table_ID reference="id">217</AD_Table_ID>
                    <WhereClause>C_DocType.DocBaseType='ORS' AND C_DocType.AD_Client_ID=@#AD_Client_ID@</WhereClause>
                    <OrderByClause/>
                    <IsActive>Y</IsActive>
                    <IsValueDisplayed>N</IsValueDisplayed>
                    <EntityType>BSCA</EntityType>
                    <AD_Window_ID reference="id"/>
                    <AD_Ref_Table_UU>efef2daa-85df-4f68-9973-0d8a944c28c6</AD_Ref_Table_UU>
                    <AD_InfoWindow_ID reference="id"/>
                    <IsAccessAllOrgsByField>N</IsAccessAllOrgsByField>
                    <AD_Display reference="id">1509</AD_Display>
                    <AD_Key reference="id">1501</AD_Key>
                </AD_Ref_Table>
            </AD_Reference>
            <AD_Process_Para type="table">
                <AD_Client_ID>0</AD_Client_ID>
                <AD_Org_ID>0</AD_Org_ID>
                <IsActive>Y</IsActive>
                <Name>DocType Lot</Name>
                <Description/>
                <Help/>
                <AD_Process_ID reference="uuid" reference-key="AD_Process">fb7e70fd-3273-4771-8ef0-fba4708b072a</AD_Process_ID>
                <SeqNo>120</SeqNo>
                <AD_Reference_ID reference="id">18</AD_Reference_ID>
                <AD_Reference_Value_ID reference="uuid" reference-key="AD_Reference">b663e8d6-fc1e-496a-ab29-2a222cd99b5a</AD_Reference_Value_ID>
                <IsRange>N</IsRange>
                <AD_Val_Rule_ID reference="id"/>
                <FieldLength>0</FieldLength>
                <IsMandatory>Y</IsMandatory>
                <DefaultValue/>
                <VFormat/>
                <ValueMin/>
                <ValueMax/>
                <ColumnName>C_DocTypeLot_ID</ColumnName>
                <DefaultValue2/>
                <IsCentrallyMaintained>N</IsCentrallyMaintained>
                <EntityType>U</EntityType>
                <AD_Element_ID reference="id"/>
                <ReadOnlyLogic/>
                <DisplayLogic/>
                <AD_Process_Para_UU>51dae3c3-9f9c-45e4-9208-41dc6eacb33a</AD_Process_Para_UU>
                <IsEncrypted>N</IsEncrypted>
                <MandatoryLogic/>
                <Placeholder/>
                <Placeholder2/>
                <AD_Process_Para_Trl type="translation">
                    <Description/>
                    <Help/>
                    <Name>Tipo Documento para lote</Name>
                    <Placeholder/>
                    <Placeholder2/>
                    <AD_Language>es_VE</AD_Language>
                    <IsActive>Y</IsActive>
                    <IsTranslated>N</IsTranslated>
                </AD_Process_Para_Trl>
            </AD_Process_Para>
            <AD_Element type="table">
                <AD_Element_ID>204</AD_Element_ID>
                <AD_Client_ID>0</AD_Client_ID>
                <AD_Org_ID>0</AD_Org_ID>
                <AD_Element_ID>204</AD_Element_ID>
                <IsActive>Y</IsActive>
                <ColumnName>C_PaymentTerm_ID</ColumnName>
                <Name>Payment Term</Name>
                <Description>The terms of Payment (timing, discount)</Description>
                <Help>Payment Terms identify the method and timing of payment.</Help>
                <PrintName>Payment Term</PrintName>
                <PO_Description/>
                <PO_Help/>
                <PO_Name/>
                <PO_PrintName/>
                <EntityType>D</EntityType>
                <AD_Element_UU>4eb6c446-37c8-48b2-86a1-93699d39cd1b</AD_Element_UU>
                <Placeholder/>
                <AD_Element_Trl type="translation">
                    <Description>Condiciones de pago de esta transacción</Description>
                    <Help>Las condiciones de pago indican el método y tiempo de pago para esta transacción.</Help>
                    <Name>Término de Pago</Name>
                    <PO_Description/>
                    <PO_Help/>
                    <PO_Name/>
                    <PO_PrintName/>
                    <Placeholder/>
                    <PrintName>Término de Pago</PrintName>
                    <AD_Language>es_VE</AD_Language>
                    <IsActive>Y</IsActive>
                    <IsTranslated>Y</IsTranslated>
                </AD_Element_Trl>
            </AD_Element>
            <AD_Process_Para type="table">
                <AD_Client_ID>0</AD_Client_ID>
                <AD_Org_ID>0</AD_Org_ID>
                <IsActive>Y</IsActive>
                <Name>Payment Term</Name>
                <Description>The terms of Payment (timing, discount)</Description>
                <Help>Payment Terms identify the method and timing of payment.</Help>
                <AD_Process_ID reference="uuid" reference-key="AD_Process">fb7e70fd-3273-4771-8ef0-fba4708b072a</AD_Process_ID>
                <SeqNo>90</SeqNo>
                <AD_Reference_ID reference="id">19</AD_Reference_ID>
                <AD_Reference_Value_ID reference="id"/>
                <IsRange>N</IsRange>
                <AD_Val_Rule_ID reference="id"/>
                <FieldLength>0</FieldLength>
                <IsMandatory>N</IsMandatory>
                <DefaultValue/>
                <VFormat/>
                <ValueMin/>
                <ValueMax/>
                <ColumnName>C_PaymentTerm_ID</ColumnName>
                <DefaultValue2/>
                <IsCentrallyMaintained>Y</IsCentrallyMaintained>
                <EntityType>U</EntityType>
                <AD_Element_ID reference="id">204</AD_Element_ID>
                <ReadOnlyLogic/>
                <DisplayLogic/>
                <AD_Process_Para_UU>2acb3cba-2a4f-4005-82d4-76995622d5d3</AD_Process_Para_UU>
                <IsEncrypted>N</IsEncrypted>
                <MandatoryLogic/>
                <Placeholder/>
                <Placeholder2/>
                <AD_Process_Para_Trl type="translation">
                    <Description>Condiciones de pago de esta transacción</Description>
                    <Help>Las condiciones de pago indican el método y tiempo de pago para esta transacción.</Help>
                    <Name>Término de Pago</Name>
                    <Placeholder/>
                    <Placeholder2/>
                    <AD_Language>es_VE</AD_Language>
                    <IsActive>Y</IsActive>
                    <IsTranslated>Y</IsTranslated>
                </AD_Process_Para_Trl>
            </AD_Process_Para>
            <AD_Process_Para type="table">
                <AD_Client_ID>0</AD_Client_ID>
                <AD_Org_ID>0</AD_Org_ID>
                <IsActive>Y</IsActive>
                <Name>Target Document Type NC</Name>
                <Description>Target document type for conversing documents</Description>
                <Help>You can convert document types (e.g. from Offer to Order or Invoice).  The conversion is then reflected in the current type.  This processing is initiated by selecting the appropriate Document Action.</Help>
                <AD_Process_ID reference="uuid" reference-key="AD_Process">fb7e70fd-3273-4771-8ef0-fba4708b072a</AD_Process_ID>
                <SeqNo>29</SeqNo>
                <AD_Reference_ID reference="id">18</AD_Reference_ID>
                <AD_Reference_Value_ID reference="id">170</AD_Reference_Value_ID>
                <IsRange>N</IsRange>
                <AD_Val_Rule_ID reference="id">207</AD_Val_Rule_ID>
                <FieldLength>0</FieldLength>
                <IsMandatory>Y</IsMandatory>
                <DefaultValue/>
                <VFormat/>
                <ValueMin/>
                <ValueMax/>
                <ColumnName>C_DocTypeTargetNC_ID</ColumnName>
                <DefaultValue2/>
                <IsCentrallyMaintained>N</IsCentrallyMaintained>
                <EntityType>U</EntityType>
                <AD_Element_ID reference="id"/>
                <ReadOnlyLogic/>
                <DisplayLogic/>
                <AD_Process_Para_UU>5a97625b-858e-421d-bb3f-a8e0c93c62bc</AD_Process_Para_UU>
                <IsEncrypted>N</IsEncrypted>
                <MandatoryLogic/>
                <Placeholder/>
                <Placeholder2/>
                <AD_Process_Para_Trl type="translation">
                    <Description>Target document type for conversing documents</Description>
                    <Help>You can convert document types (e.g. from Offer to Order or Invoice).  The conversion is then reflected in the current type.  This processing is initiated by selecting the appropriate Document Action.</Help>
                    <Name>Tipo Documento Destino NC</Name>
                    <Placeholder/>
                    <Placeholder2/>
                    <AD_Language>es_VE</AD_Language>
                    <IsActive>Y</IsActive>
                    <IsTranslated>N</IsTranslated>
                </AD_Process_Para_Trl>
            </AD_Process_Para>
            <AD_Val_Rule type="table">
                <AD_Val_Rule_ID>52030</AD_Val_Rule_ID>
                <AD_Client_ID>0</AD_Client_ID>
                <AD_Org_ID>0</AD_Org_ID>
                <AD_Val_Rule_ID>52030</AD_Val_Rule_ID>
                <Name>C_Charge by Doc Type Target</Name>
                <Description/>
                <Type>S</Type>
                <Code>(C_Charge.C_Charge_ID IN (
	SELECT c.C_Charge_ID 
	FROM C_Charge c
	JOIN C_ChargeType ct ON (ct.C_ChargeType_ID = c.C_ChargeType_ID)
	JOIN C_ChargeType_Doctype ctd ON (ctd.C_ChargeType_ID = ct.C_ChargeType_ID)
	JOIN  C_DocType dt ON (dt.C_DocType_ID =ctd.C_DocType_ID)
	WHERE  ctd.C_DocType_ID = @C_DocTypeTarget_ID@
	) OR
 (SELECT COUNT(*) FROM C_ChargeType_DocType WHERE AD_Client_ID=@AD_Client_ID@) = 0)</Code>
                <IsActive>Y</IsActive>
                <EntityType>D</EntityType>
                <AD_Val_Rule_UU>a6dbb67f-012d-47fd-a2ff-8d945009ac13</AD_Val_Rule_UU>
            </AD_Val_Rule>
            <AD_Element type="table">
                <AD_Element_ID>968</AD_Element_ID>
                <AD_Client_ID>0</AD_Client_ID>
                <AD_Org_ID>0</AD_Org_ID>
                <AD_Element_ID>968</AD_Element_ID>
                <IsActive>Y</IsActive>
                <ColumnName>C_Charge_ID</ColumnName>
                <Name>Charge</Name>
                <Description>Additional document charges</Description>
                <Help>The Charge indicates a type of Charge (Handling, Shipping, Restocking)</Help>
                <PrintName>Charge</PrintName>
                <PO_Description/>
                <PO_Help/>
                <PO_Name/>
                <PO_PrintName/>
                <EntityType>D</EntityType>
                <AD_Element_UU>d0f54b23-b887-4c0d-95f4-f14a41214797</AD_Element_UU>
                <Placeholder/>
                <AD_Element_Trl type="translation">
                    <Description>Cargos adicionales del documento</Description>
                    <Help>El cargo indica un tipo de cargo (manejo, embalaje, reposición)</Help>
                    <Name>Concepto Contable</Name>
                    <PO_Description/>
                    <PO_Help/>
                    <PO_Name/>
                    <PO_PrintName/>
                    <Placeholder/>
                    <PrintName>Concepto Contable</PrintName>
                    <AD_Language>es_VE</AD_Language>
                    <IsActive>Y</IsActive>
                    <IsTranslated>Y</IsTranslated>
                </AD_Element_Trl>
            </AD_Element>
            <AD_Process_Para type="table">
                <AD_Client_ID>0</AD_Client_ID>
                <AD_Org_ID>0</AD_Org_ID>
                <IsActive>Y</IsActive>
                <Name>Charge</Name>
                <Description>Additional document charges</Description>
                <Help>The Charge indicates a type of Charge (Handling, Shipping, Restocking)</Help>
                <AD_Process_ID reference="uuid" reference-key="AD_Process">fb7e70fd-3273-4771-8ef0-fba4708b072a</AD_Process_ID>
                <SeqNo>160</SeqNo>
                <AD_Reference_ID reference="id">19</AD_Reference_ID>
                <AD_Reference_Value_ID reference="id"/>
                <IsRange>N</IsRange>
                <AD_Val_Rule_ID reference="id">52030</AD_Val_Rule_ID>
                <FieldLength>0</FieldLength>
                <IsMandatory>Y</IsMandatory>
                <DefaultValue/>
                <VFormat/>
                <ValueMin/>
                <ValueMax/>
                <ColumnName>C_Charge_ID</ColumnName>
                <DefaultValue2/>
                <IsCentrallyMaintained>Y</IsCentrallyMaintained>
                <EntityType>U</EntityType>
                <AD_Element_ID reference="id">968</AD_Element_ID>
                <ReadOnlyLogic/>
                <DisplayLogic/>
                <AD_Process_Para_UU>8eea92ff-b75b-4ca9-95f1-2027f12e61ed</AD_Process_Para_UU>
                <IsEncrypted>N</IsEncrypted>
                <MandatoryLogic/>
                <Placeholder/>
                <Placeholder2/>
                <AD_Process_Para_Trl type="translation">
                    <Description>Cargos adicionales del documento</Description>
                    <Help>El cargo indica un tipo de cargo (manejo, embalaje, reposición)</Help>
                    <Name>Concepto Contable</Name>
                    <Placeholder/>
                    <Placeholder2/>
                    <AD_Language>es_VE</AD_Language>
                    <IsActive>Y</IsActive>
                    <IsTranslated>Y</IsTranslated>
                </AD_Process_Para_Trl>
            </AD_Process_Para>
            <AD_Process_Para type="table">
                <AD_Client_ID>0</AD_Client_ID>
                <AD_Org_ID>0</AD_Org_ID>
                <IsActive>Y</IsActive>
                <Name>Date Stellar</Name>
                <Description/>
                <Help/>
                <AD_Process_ID reference="uuid" reference-key="AD_Process">fb7e70fd-3273-4771-8ef0-fba4708b072a</AD_Process_ID>
                <SeqNo>150</SeqNo>
                <AD_Reference_ID reference="id">20</AD_Reference_ID>
                <AD_Reference_Value_ID reference="id"/>
                <IsRange>N</IsRange>
                <AD_Val_Rule_ID reference="id"/>
                <FieldLength>0</FieldLength>
                <IsMandatory>N</IsMandatory>
                <DefaultValue>N</DefaultValue>
                <VFormat/>
                <ValueMin/>
                <ValueMax/>
                <ColumnName>isDateStellar</ColumnName>
                <DefaultValue2/>
                <IsCentrallyMaintained>N</IsCentrallyMaintained>
                <EntityType>U</EntityType>
                <AD_Element_ID reference="id"/>
                <ReadOnlyLogic/>
                <DisplayLogic/>
                <AD_Process_Para_UU>c358bdd2-e259-4e15-8272-182c1a99a667</AD_Process_Para_UU>
                <IsEncrypted>N</IsEncrypted>
                <MandatoryLogic/>
                <Placeholder/>
                <Placeholder2/>
                <AD_Process_Para_Trl type="translation">
                    <Description/>
                    <Help/>
                    <Name>Fecha Stellar en Ordenes</Name>
                    <Placeholder/>
                    <Placeholder2/>
                    <AD_Language>es_VE</AD_Language>
                    <IsActive>Y</IsActive>
                    <IsTranslated>N</IsTranslated>
                </AD_Process_Para_Trl>
            </AD_Process_Para>
            <AD_Reference type="table">
                <AD_Reference_ID>173</AD_Reference_ID>
                <AD_Client_ID>0</AD_Client_ID>
                <AD_Org_ID>0</AD_Org_ID>
                <AD_Reference_ID>173</AD_Reference_ID>
                <Name>C_BPartner Customers</Name>
                <Description>Customer selection</Description>
                <Help/>
                <ValidationType>T</ValidationType>
                <IsActive>Y</IsActive>
                <VFormat/>
                <EntityType>D</EntityType>
                <IsOrderByValue>N</IsOrderByValue>
                <AD_Reference_UU>aab97e5b-6d66-4caa-8eeb-e4b1faedb27c</AD_Reference_UU>
                <AD_Element_ID reference="id"/>
                <AD_Reference_Trl type="translation">
                    <Description>Selección de Cliente</Description>
                    <Help/>
                    <Name>C_BPartner Customers</Name>
                    <AD_Language>es_VE</AD_Language>
                    <IsActive>Y</IsActive>
                    <IsTranslated>Y</IsTranslated>
                </AD_Reference_Trl>
                <AD_Ref_Table type="table">
                    <AD_Reference_ID>173</AD_Reference_ID>
                    <AD_Client_ID>0</AD_Client_ID>
                    <AD_Org_ID>0</AD_Org_ID>
                    <AD_Reference_ID reference="id">173</AD_Reference_ID>
                    <AD_Table_ID reference="id">291</AD_Table_ID>
                    <WhereClause>C_BPartner.IsCustomer='Y'</WhereClause>
                    <OrderByClause/>
                    <IsActive>Y</IsActive>
                    <IsValueDisplayed>N</IsValueDisplayed>
                    <EntityType>D</EntityType>
                    <AD_Window_ID reference="id"/>
                    <AD_Ref_Table_UU>5bffd712-108b-4c4d-904f-9b7b0d33c470</AD_Ref_Table_UU>
                    <AD_InfoWindow_ID reference="id"/>
                    <IsAccessAllOrgsByField>N</IsAccessAllOrgsByField>
                    <AD_Display reference="id">2902</AD_Display>
                    <AD_Key reference="id">2893</AD_Key>
                </AD_Ref_Table>
            </AD_Reference>
            <AD_Process_Para type="table">
                <AD_Client_ID>0</AD_Client_ID>
                <AD_Org_ID>0</AD_Org_ID>
                <IsActive>Y</IsActive>
                <Name>Partner Default</Name>
                <Description/>
                <Help/>
                <AD_Process_ID reference="uuid" reference-key="AD_Process">fb7e70fd-3273-4771-8ef0-fba4708b072a</AD_Process_ID>
                <SeqNo>180</SeqNo>
                <AD_Reference_ID reference="id">18</AD_Reference_ID>
                <AD_Reference_Value_ID reference="id">173</AD_Reference_Value_ID>
                <IsRange>N</IsRange>
                <AD_Val_Rule_ID reference="id"/>
                <FieldLength>0</FieldLength>
                <IsMandatory>Y</IsMandatory>
                <DefaultValue/>
                <VFormat/>
                <ValueMin/>
                <ValueMax/>
                <ColumnName>C_BPartnerDefault_ID</ColumnName>
                <DefaultValue2/>
                <IsCentrallyMaintained>N</IsCentrallyMaintained>
                <EntityType>U</EntityType>
                <AD_Element_ID reference="id"/>
                <ReadOnlyLogic/>
                <DisplayLogic/>
                <AD_Process_Para_UU>ec8309bf-5304-47e9-8761-fcf214a50188</AD_Process_Para_UU>
                <IsEncrypted>N</IsEncrypted>
                <MandatoryLogic/>
                <Placeholder/>
                <Placeholder2/>
                <AD_Process_Para_Trl type="translation">
                    <Description/>
                    <Help/>
                    <Name>Tercero Predeterminado</Name>
                    <Placeholder/>
                    <Placeholder2/>
                    <AD_Language>es_VE</AD_Language>
                    <IsActive>Y</IsActive>
                    <IsTranslated>N</IsTranslated>
                </AD_Process_Para_Trl>
            </AD_Process_Para>
            <AD_Reference type="table">
                <AD_Reference_ID>276</AD_Reference_ID>
                <AD_Client_ID>0</AD_Client_ID>
                <AD_Org_ID>0</AD_Org_ID>
                <AD_Reference_ID>276</AD_Reference_ID>
                <Name>AD_Org (all)</Name>
                <Description>Organization selection</Description>
                <Help/>
                <ValidationType>T</ValidationType>
                <IsActive>Y</IsActive>
                <VFormat/>
                <EntityType>D</EntityType>
                <IsOrderByValue>N</IsOrderByValue>
                <AD_Reference_UU>4a86c23a-23bd-47f6-9f46-181f1374c99e</AD_Reference_UU>
                <AD_Element_ID reference="id"/>
                <AD_Reference_Trl type="translation">
                    <Description>Selección de organización</Description>
                    <Help/>
                    <Name>AD_Org (all)</Name>
                    <AD_Language>es_VE</AD_Language>
                    <IsActive>Y</IsActive>
                    <IsTranslated>Y</IsTranslated>
                </AD_Reference_Trl>
                <AD_Ref_Table type="table">
                    <AD_Reference_ID>276</AD_Reference_ID>
                    <AD_Client_ID>0</AD_Client_ID>
                    <AD_Org_ID>0</AD_Org_ID>
                    <AD_Reference_ID reference="id">276</AD_Reference_ID>
                    <AD_Table_ID reference="id">155</AD_Table_ID>
                    <WhereClause/>
                    <OrderByClause>AD_Org.Value</OrderByClause>
                    <IsActive>Y</IsActive>
                    <IsValueDisplayed>Y</IsValueDisplayed>
                    <EntityType>D</EntityType>
                    <AD_Window_ID reference="id"/>
                    <AD_Ref_Table_UU>0a072d5f-bced-4cd7-aaca-af033beb35f8</AD_Ref_Table_UU>
                    <AD_InfoWindow_ID reference="id"/>
                    <IsAccessAllOrgsByField>N</IsAccessAllOrgsByField>
                    <AD_Display reference="id">522</AD_Display>
                    <AD_Key reference="id">528</AD_Key>
                </AD_Ref_Table>
            </AD_Reference>
            <AD_Element type="table">
                <AD_Element_ID>113</AD_Element_ID>
                <AD_Client_ID>0</AD_Client_ID>
                <AD_Org_ID>0</AD_Org_ID>
                <AD_Element_ID>113</AD_Element_ID>
                <IsActive>Y</IsActive>
                <ColumnName>AD_Org_ID</ColumnName>
                <Name>Organization</Name>
                <Description>Organizational entity within client</Description>
                <Help>An organization is a unit of your client or legal entity - examples are store, department. You can share data between organizations.</Help>
                <PrintName>Organization</PrintName>
                <PO_Description/>
                <PO_Help/>
                <PO_Name/>
                <PO_PrintName/>
                <EntityType>D</EntityType>
                <AD_Element_UU>d8103f72-3282-4298-9ed4-360b12abc9d2</AD_Element_UU>
                <Placeholder/>
                <AD_Element_Trl type="translation">
                    <Description>Entidad organizacional dentro del grupo empresarial</Description>
                    <Help>Una organización es una unidad del grupo empresarial o entidad legal - Ej. Tiendas y departamentos. Es posible compartir datos entre organizaciones.</Help>
                    <Name>Organización</Name>
                    <PO_Description/>
                    <PO_Help/>
                    <PO_Name/>
                    <PO_PrintName/>
                    <Placeholder/>
                    <PrintName>Organización</PrintName>
                    <AD_Language>es_VE</AD_Language>
                    <IsActive>Y</IsActive>
                    <IsTranslated>N</IsTranslated>
                </AD_Element_Trl>
            </AD_Element>
            <AD_Process_Para type="table">
                <AD_Client_ID>0</AD_Client_ID>
                <AD_Org_ID>0</AD_Org_ID>
                <IsActive>Y</IsActive>
                <Name>Organization</Name>
                <Description>Organizational entity within client</Description>
                <Help>An organization is a unit of your client or legal entity - examples are store, department. You can share data between organizations.</Help>
                <AD_Process_ID reference="uuid" reference-key="AD_Process">fb7e70fd-3273-4771-8ef0-fba4708b072a</AD_Process_ID>
                <SeqNo>110</SeqNo>
                <AD_Reference_ID reference="id">18</AD_Reference_ID>
                <AD_Reference_Value_ID reference="id">276</AD_Reference_Value_ID>
                <IsRange>N</IsRange>
                <AD_Val_Rule_ID reference="id"/>
                <FieldLength>0</FieldLength>
                <IsMandatory>Y</IsMandatory>
                <DefaultValue/>
                <VFormat/>
                <ValueMin/>
                <ValueMax/>
                <ColumnName>AD_OrgBPartner_ID</ColumnName>
                <DefaultValue2/>
                <IsCentrallyMaintained>N</IsCentrallyMaintained>
                <EntityType>U</EntityType>
                <AD_Element_ID reference="id">113</AD_Element_ID>
                <ReadOnlyLogic/>
                <DisplayLogic/>
                <AD_Process_Para_UU>acd501ed-93c8-4690-bb7f-a684053e6111</AD_Process_Para_UU>
                <IsEncrypted>N</IsEncrypted>
                <MandatoryLogic/>
                <Placeholder/>
                <Placeholder2/>
                <AD_Process_Para_Trl type="translation">
                    <Description>Entidad organizacional dentro del grupo empresarial</Description>
                    <Help>Una organización es una unidad del grupo empresarial o entidad legal - Ej. Tiendas y departamentos. Es posible compartir datos entre organizaciones.</Help>
                    <Name>Organización tercero</Name>
                    <Placeholder/>
                    <Placeholder2/>
                    <AD_Language>es_VE</AD_Language>
                    <IsActive>Y</IsActive>
                    <IsTranslated>N</IsTranslated>
                </AD_Process_Para_Trl>
            </AD_Process_Para>
            <AD_Process_Para type="table">
                <AD_Client_ID>0</AD_Client_ID>
                <AD_Org_ID>0</AD_Org_ID>
                <IsActive>Y</IsActive>
                <Name>Qty Negate</Name>
                <Description/>
                <Help/>
                <AD_Process_ID reference="uuid" reference-key="AD_Process">fb7e70fd-3273-4771-8ef0-fba4708b072a</AD_Process_ID>
                <SeqNo>190</SeqNo>
                <AD_Reference_ID reference="id">20</AD_Reference_ID>
                <AD_Reference_Value_ID reference="id"/>
                <IsRange>N</IsRange>
                <AD_Val_Rule_ID reference="id"/>
                <FieldLength>0</FieldLength>
                <IsMandatory>N</IsMandatory>
                <DefaultValue>N</DefaultValue>
                <VFormat/>
                <ValueMin/>
                <ValueMax/>
                <ColumnName>isQtyNegate</ColumnName>
                <DefaultValue2/>
                <IsCentrallyMaintained>N</IsCentrallyMaintained>
                <EntityType>U</EntityType>
                <AD_Element_ID reference="id"/>
                <ReadOnlyLogic/>
                <DisplayLogic/>
                <AD_Process_Para_UU>e7b14c46-7229-432c-ac6a-740ae1222aea</AD_Process_Para_UU>
                <IsEncrypted>N</IsEncrypted>
                <MandatoryLogic/>
                <Placeholder/>
                <Placeholder2/>
                <AD_Process_Para_Trl type="translation">
                    <Description/>
                    <Help/>
                    <Name>Cantidad Negativa para NC</Name>
                    <Placeholder/>
                    <Placeholder2/>
                    <AD_Language>es_VE</AD_Language>
                    <IsActive>Y</IsActive>
                    <IsTranslated>N</IsTranslated>
                </AD_Process_Para_Trl>
            </AD_Process_Para>
            <AD_Element type="table">
                <AD_Element_ID>211</AD_Element_ID>
                <AD_Client_ID>0</AD_Client_ID>
                <AD_Org_ID>0</AD_Org_ID>
                <AD_Element_ID>211</AD_Element_ID>
                <IsActive>Y</IsActive>
                <ColumnName>C_TaxCategory_ID</ColumnName>
                <Name>Tax Category</Name>
                <Description>Tax Category</Description>
                <Help>The Tax Category provides a method of grouping similar taxes.  For example, Sales Tax or Value Added Tax.</Help>
                <PrintName>Tax Category</PrintName>
                <PO_Description/>
                <PO_Help/>
                <PO_Name/>
                <PO_PrintName/>
                <EntityType>D</EntityType>
                <AD_Element_UU>27e3c2a3-19a5-4482-a7e8-c5681f3b09e5</AD_Element_UU>
                <Placeholder/>
                <AD_Element_Trl type="translation">
                    <Description>Categoría de Impuesto</Description>
                    <Help>La categoría de impuesto proporciona un método de agrupación de impuestos similares. (Ej. Impuesto de ventas o Impuesto al Valor Agregado)</Help>
                    <Name>Categoría del Impuesto</Name>
                    <PO_Description/>
                    <PO_Help/>
                    <PO_Name/>
                    <PO_PrintName/>
                    <Placeholder/>
                    <PrintName>Categoría de Impuesto</PrintName>
                    <AD_Language>es_VE</AD_Language>
                    <IsActive>Y</IsActive>
                    <IsTranslated>Y</IsTranslated>
                </AD_Element_Trl>
            </AD_Element>
            <AD_Process_Para type="table">
                <AD_Client_ID>0</AD_Client_ID>
                <AD_Org_ID>0</AD_Org_ID>
                <IsActive>Y</IsActive>
                <Name>Tax Category</Name>
                <Description>Tax Category</Description>
                <Help>The Tax Category provides a method of grouping similar taxes.  For example, Sales Tax or Value Added Tax.</Help>
                <AD_Process_ID reference="uuid" reference-key="AD_Process">fb7e70fd-3273-4771-8ef0-fba4708b072a</AD_Process_ID>
                <SeqNo>200</SeqNo>
                <AD_Reference_ID reference="id">19</AD_Reference_ID>
                <AD_Reference_Value_ID reference="id"/>
                <IsRange>N</IsRange>
                <AD_Val_Rule_ID reference="id"/>
                <FieldLength>0</FieldLength>
                <IsMandatory>Y</IsMandatory>
                <DefaultValue/>
                <VFormat/>
                <ValueMin/>
                <ValueMax/>
                <ColumnName>C_TaxCategory_ID</ColumnName>
                <DefaultValue2/>
                <IsCentrallyMaintained>Y</IsCentrallyMaintained>
                <EntityType>BSCA</EntityType>
                <AD_Element_ID reference="id">211</AD_Element_ID>
                <ReadOnlyLogic/>
                <DisplayLogic/>
                <AD_Process_Para_UU>a2fa1e93-9998-474e-95e3-7036e04cc510</AD_Process_Para_UU>
                <IsEncrypted>N</IsEncrypted>
                <MandatoryLogic/>
                <Placeholder/>
                <Placeholder2/>
                <AD_Process_Para_Trl type="translation">
                    <Description>Categoría de Impuesto</Description>
                    <Help>La categoría de impuesto proporciona un método de agrupación de impuestos similares. (Ej. Impuesto de ventas o Impuesto al Valor Agregado)</Help>
                    <Name>Categoría del Impuesto</Name>
                    <Placeholder/>
                    <Placeholder2/>
                    <AD_Language>es_VE</AD_Language>
                    <IsActive>Y</IsActive>
                    <IsTranslated>Y</IsTranslated>
                </AD_Process_Para_Trl>
            </AD_Process_Para>
            <AD_Val_Rule type="table">
                <AD_Client_ID>0</AD_Client_ID>
                <AD_Org_ID>0</AD_Org_ID>
                <Name>BSCA BankAccount Is POS</Name>
                <Description/>
                <Type>S</Type>
                <Code> C_BankAccount.isPosBankAccount = 'Y'</Code>
                <IsActive>Y</IsActive>
                <EntityType>U</EntityType>
                <AD_Val_Rule_UU>287deb0b-2e59-4946-8cb6-191f2e1954e9</AD_Val_Rule_UU>
            </AD_Val_Rule>
            <AD_Element type="table">
                <AD_Element_ID>836</AD_Element_ID>
                <AD_Client_ID>0</AD_Client_ID>
                <AD_Org_ID>0</AD_Org_ID>
                <AD_Element_ID>836</AD_Element_ID>
                <IsActive>Y</IsActive>
                <ColumnName>C_BankAccount_ID</ColumnName>
                <Name>Bank Account</Name>
                <Description>Account at the Bank</Description>
                <Help>The Bank Account identifies an account at this Bank.</Help>
                <PrintName>Bank Account</PrintName>
                <PO_Description/>
                <PO_Help/>
                <PO_Name/>
                <PO_PrintName/>
                <EntityType>D</EntityType>
                <AD_Element_UU>2bce347c-7b2f-4d3f-9b33-20dc9319cdba</AD_Element_UU>
                <Placeholder/>
                <AD_Element_Trl type="translation">
                    <Description>Cuenta Banco/Caja</Description>
                    <Help>La cuenta banco/caja identifica una cuenta de manejo de fondos</Help>
                    <Name>Cuenta Banco/Caja</Name>
                    <PO_Description/>
                    <PO_Help/>
                    <PO_Name/>
                    <PO_PrintName/>
                    <Placeholder/>
                    <PrintName>Cuenta Banco/Caja</PrintName>
                    <AD_Language>es_VE</AD_Language>
                    <IsActive>Y</IsActive>
                    <IsTranslated>Y</IsTranslated>
                </AD_Element_Trl>
            </AD_Element>
            <AD_Process_Para type="table">
                <AD_Client_ID>0</AD_Client_ID>
                <AD_Org_ID>0</AD_Org_ID>
                <IsActive>Y</IsActive>
                <Name>Bank Account</Name>
                <Description>Account at the Bank</Description>
                <Help>The Bank Account identifies an account at this Bank.</Help>
                <AD_Process_ID reference="uuid" reference-key="AD_Process">fb7e70fd-3273-4771-8ef0-fba4708b072a</AD_Process_ID>
                <SeqNo>210</SeqNo>
                <AD_Reference_ID reference="id">19</AD_Reference_ID>
                <AD_Reference_Value_ID reference="id"/>
                <IsRange>N</IsRange>
                <AD_Val_Rule_ID reference="uuid" reference-key="AD_Val_Rule">287deb0b-2e59-4946-8cb6-191f2e1954e9</AD_Val_Rule_ID>
                <FieldLength>0</FieldLength>
                <IsMandatory>N</IsMandatory>
                <DefaultValue/>
                <VFormat/>
                <ValueMin/>
                <ValueMax/>
                <ColumnName>C_BankAccount_ID</ColumnName>
                <DefaultValue2/>
                <IsCentrallyMaintained>Y</IsCentrallyMaintained>
                <EntityType>BSCA</EntityType>
                <AD_Element_ID reference="id">836</AD_Element_ID>
                <ReadOnlyLogic/>
                <DisplayLogic/>
                <AD_Process_Para_UU>c4d059cf-74f1-47c6-ae59-3038214ddadf</AD_Process_Para_UU>
                <IsEncrypted>N</IsEncrypted>
                <MandatoryLogic/>
                <Placeholder/>
                <Placeholder2/>
                <AD_Process_Para_Trl type="translation">
                    <Description>Cuenta Banco/Caja</Description>
                    <Help>La cuenta banco/caja identifica una cuenta de manejo de fondos</Help>
                    <Name>Cuenta Banco/Caja</Name>
                    <Placeholder/>
                    <Placeholder2/>
                    <AD_Language>es_VE</AD_Language>
                    <IsActive>Y</IsActive>
                    <IsTranslated>Y</IsTranslated>
                </AD_Process_Para_Trl>
            </AD_Process_Para>
            <AD_Val_Rule type="table">
                <AD_Client_ID>0</AD_Client_ID>
                <AD_Org_ID>0</AD_Org_ID>
                <Name>BSCA AD_Org Stellar</Name>
                <Description>All not 0</Description>
                <Type>S</Type>
                <Code>AD_Org.AD_Org_ID!=0 AND AD_Org.Value&lt;&gt;'00' AND isSummary = 'N'</Code>
                <IsActive>Y</IsActive>
                <EntityType>BSCA</EntityType>
                <AD_Val_Rule_UU>fa2713d4-edac-4bc1-ab52-03f46f5c8afc</AD_Val_Rule_UU>
            </AD_Val_Rule>
            <AD_Process_Para type="table">
                <AD_Client_ID>0</AD_Client_ID>
                <AD_Org_ID>0</AD_Org_ID>
                <IsActive>Y</IsActive>
                <Name>Org Order</Name>
                <Description/>
                <Help/>
                <AD_Process_ID reference="uuid" reference-key="AD_Process">fb7e70fd-3273-4771-8ef0-fba4708b072a</AD_Process_ID>
                <SeqNo>5</SeqNo>
                <AD_Reference_ID reference="id">18</AD_Reference_ID>
                <AD_Reference_Value_ID reference="id">276</AD_Reference_Value_ID>
                <IsRange>N</IsRange>
                <AD_Val_Rule_ID reference="uuid" reference-key="AD_Val_Rule">fa2713d4-edac-4bc1-ab52-03f46f5c8afc</AD_Val_Rule_ID>
                <FieldLength>0</FieldLength>
                <IsMandatory>Y</IsMandatory>
                <DefaultValue/>
                <VFormat/>
                <ValueMin/>
                <ValueMax/>
                <ColumnName>AD_OrgOrder_ID</ColumnName>
                <DefaultValue2/>
                <IsCentrallyMaintained>N</IsCentrallyMaintained>
                <EntityType>U</EntityType>
                <AD_Element_ID reference="id"/>
                <ReadOnlyLogic/>
                <DisplayLogic/>
                <AD_Process_Para_UU>c9b8cdd4-ba9e-4915-8ff0-c9ff3cfd464a</AD_Process_Para_UU>
                <IsEncrypted>N</IsEncrypted>
                <MandatoryLogic/>
                <Placeholder/>
                <Placeholder2/>
                <AD_Process_Para_Trl type="translation">
                    <Description/>
                    <Help/>
                    <Name>Organización</Name>
                    <Placeholder/>
                    <Placeholder2/>
                    <AD_Language>es_VE</AD_Language>
                    <IsActive>Y</IsActive>
                    <IsTranslated>N</IsTranslated>
                </AD_Process_Para_Trl>
            </AD_Process_Para>
        </AD_Process>
    </AD_Menu>
</idempiere>
